train_number,train_name,journey_date,station_code,station_name,scheduled_arrival,actual_arrival,scheduled_departure,actual_departure,arrival_delay_minutes,departure_delay_minutes,distance_from_source_km,source_station,destination_station,day_of_week
12029,Swarn Shatabdi Express,2026-09-11,NDLS,New Delhi,,,2026-09-11T07:20+05:30,2026-09-11T07:32+05:30,,12,0.0,New Delhi,Amritsar Jn,Friday
12029,Swarn Shatabdi Express,2026-09-11,UMB,Ambala Cant Jn,2026-09-11T09:41+05:30,2026-09-11T09:43+05:30,2026-09-11T09:43+05:30,2026-09-11T09:45+05:30,2,2,199.0,New Delhi,Amritsar Jn,Friday
12029,Swarn Shatabdi Express,2026-09-11,RPJ,Rajpura Jn,2026-09-11T10:02+05:30,2026-09-11T10:12+05:30,2026-09-11T10:04+05:30,2026-09-11T10:14+05:30,10,10,227.0,New Delhi,Amritsar Jn,Friday
12029,Swarn Shatabdi Express,2026-09-11,LDH,Ludhiana Jn,2026-09-11T11:08+05:30,2026-09-11T11:04+05:30,2026-09-11T11:11+05:30,2026-09-11T11:28+05:30,-4,17,312.0,New Delhi,Amritsar Jn,Friday
12029,Swarn Shatabdi Express,2026-09-11,PGW,Phagwara Jn,2026-09-11T11:40+05:30,2026-09-11T12:00+05:30,2026-09-11T11:42+05:30,2026-09-11T12:04+05:30,20,22,348.0,New Delhi,Amritsar Jn,Friday
12029,Swarn Shatabdi Express,2026-09-11,JUC,Jalandhar City,2026-09-11T12:06+05:30,2026-09-11T12:22+05:30,2026-09-11T12:08+05:30,2026-09-11T12:25+05:30,16,17,369.0,New Delhi,Amritsar Jn,Friday
12029,Swarn Shatabdi Express,2026-09-11,BEAS,Beas,2026-09-11T12:38+05:30,2026-09-11T12:52+05:30,2026-09-11T12:40+05:30,2026-09-11T12:54+05:30,14,14,406.0,New Delhi,Amritsar Jn,Friday
12029,Swarn Shatabdi Express,2026-09-11,ASR,Amritsar Jn,2026-09-11T13:30+05:30,2026-09-11T13:31+05:30,,,1,,448.0,New Delhi,Amritsar Jn,Friday
12029,Swarn Shatabdi Express,2026-09-12,NDLS,New Delhi,,,2026-09-12T07:20+05:30,2026-09-12T07:33+05:30,,13,0.0,New Delhi,Amritsar Jn,Saturday
12029,Swarn Shatabdi Express,2026-09-12,UMB,Ambala Cant Jn,2026-09-12T09:41+05:30,2026-09-12T09:40+05:30,2026-09-12T09:43+05:30,2026-09-12T09:46+05:30,-1,3,199.0,New Delhi,Amritsar Jn,Saturday
12029,Swarn Shatabdi Express,2026-09-12,RPJ,Rajpura Jn,2026-09-12T10:02+05:30,2026-09-12T10:11+05:30,2026-09-12T10:04+05:30,2026-09-12T10:13+05:30,9,9,227.0,New Delhi,Amritsar Jn,Saturday
12029,Swarn Shatabdi Express,2026-09-12,LDH,Ludhiana Jn,2026-09-12T11:08+05:30,2026-09-12T11:11+05:30,2026-09-12T11:11+05:30,2026-09-12T11:14+05:30,3,3,312.0,New Delhi,Amritsar Jn,Saturday
12029,Swarn Shatabdi Express,2026-09-12,PGW,Phagwara Jn,2026-09-12T11:40+05:30,2026-09-12T11:51+05:30,2026-09-12T11:42+05:30,2026-09-12T11:54+05:30,11,12,348.0,New Delhi,Amritsar Jn,Saturday
12029,Swarn Shatabdi Express,2026-09-12,JUC,Jalandhar City,2026-09-12T12:06+05:30,2026-09-12T12:16+05:30,2026-09-12T12:08+05:30,2026-09-12T12:18+05:30,10,10,369.0,New Delhi,Amritsar Jn,Saturday
12029,Swarn Shatabdi Express,2026-09-12,BEAS,Beas,2026-09-12T12:38+05:30,2026-09-12T12:48+05:30,2026-09-12T12:40+05:30,2026-09-12T12:52+05:30,10,12,406.0,New Delhi,Amritsar Jn,Saturday
12029,Swarn Shatabdi Express,2026-09-12,ASR,Amritsar Jn,2026-09-12T13:30+05:30,2026-09-12T13:26+05:30,,,-4,,448.0,New Delhi,Amritsar Jn,Saturday
12029,Swarn Shatabdi Express,2026-09-13,NDLS,New Delhi,,,2026-09-13T07:20+05:30,2026-09-13T07:22+05:30,,2,0.0,New Delhi,Amritsar Jn,Sunday
12029,Swarn Shatabdi Express,2026-09-13,UMB,Ambala Cant Jn,2026-09-13T09:41+05:30,2026-09-13T09:37+05:30,2026-09-13T09:43+05:30,2026-09-13T09:43+05:30,-4,0,199.0,New Delhi,Amritsar Jn,Sunday
12029,Swarn Shatabdi Express,2026-09-13,RPJ,Rajpura Jn,2026-09-13T10:02+05:30,2026-09-13T10:11+05:30,2026-09-13T10:04+05:30,2026-09-13T10:13+05:30,9,9,227.0,New Delhi,Amritsar Jn,Sunday
12029,Swarn Shatabdi Express,2026-09-13,LDH,Ludhiana Jn,2026-09-13T11:08+05:30,2026-09-13T11:11+05:30,2026-09-13T11:11+05:30,2026-09-13T11:18+05:30,3,7,312.0,New Delhi,Amritsar Jn,Sunday
12029,Swarn Shatabdi Express,2026-09-13,PGW,Phagwara Jn,2026-09-13T11:40+05:30,2026-09-13T11:57+05:30,2026-09-13T11:42+05:30,2026-09-13T11:59+05:30,17,17,348.0,New Delhi,Amritsar Jn,Sunday
12029,Swarn Shatabdi Express,2026-09-13,JUC,Jalandhar City,2026-09-13T12:06+05:30,2026-09-13T12:18+05:30,2026-09-13T12:08+05:30,2026-09-13T12:21+05:30,12,13,369.0,New Delhi,Amritsar Jn,Sunday
12029,Swarn Shatabdi Express,2026-09-13,BEAS,Beas,2026-09-13T12:38+05:30,2026-09-13T12:49+05:30,2026-09-13T12:40+05:30,2026-09-13T12:55+05:30,11,15,406.0,New Delhi,Amritsar Jn,Sunday
12029,Swarn Shatabdi Express,2026-09-13,ASR,Amritsar Jn,2026-09-13T13:30+05:30,2026-09-13T13:37+05:30,,,7,,448.0,New Delhi,Amritsar Jn,Sunday
12029,Swarn Shatabdi Express,2026-09-14,NDLS,New Delhi,,,2026-09-14T07:20+05:30,2026-09-14T07:36+05:30,,16,0.0,New Delhi,Amritsar Jn,Monday
12029,Swarn Shatabdi Express,2026-09-14,UMB,Ambala Cant Jn,2026-09-14T09:41+05:30,2026-09-14T09:38+05:30,2026-09-14T09:43+05:30,2026-09-14T09:44+05:30,-3,1,199.0,New Delhi,Amritsar Jn,Monday
12029,Swarn Shatabdi Express,2026-09-14,RPJ,Rajpura Jn,2026-09-14T10:02+05:30,2026-09-14T10:11+05:30,2026-09-14T10:04+05:30,2026-09-14T10:13+05:30,9,9,227.0,New Delhi,Amritsar Jn,Monday
12029,Swarn Shatabdi Express,2026-09-14,LDH,Ludhiana Jn,2026-09-14T11:08+05:30,2026-09-14T11:01+05:30,2026-09-14T11:11+05:30,2026-09-14T11:12+05:30,-7,1,312.0,New Delhi,Amritsar Jn,Monday
12029,Swarn Shatabdi Express,2026-09-14,PGW,Phagwara Jn,2026-09-14T11:40+05:30,2026-09-14T11:45+05:30,2026-09-14T11:42+05:30,2026-09-14T11:48+05:30,5,6,348.0,New Delhi,Amritsar Jn,Monday
12029,Swarn Shatabdi Express,2026-09-14,JUC,Jalandhar City,2026-09-14T12:06+05:30,2026-09-14T12:16+05:30,2026-09-14T12:08+05:30,2026-09-14T12:18+05:30,10,10,369.0,New Delhi,Amritsar Jn,Monday
12029,Swarn Shatabdi Express,2026-09-14,BEAS,Beas,2026-09-14T12:38+05:30,2026-09-14T12:48+05:30,2026-09-14T12:40+05:30,2026-09-14T12:51+05:30,10,11,406.0,New Delhi,Amritsar Jn,Monday
12029,Swarn Shatabdi Express,2026-09-14,ASR,Amritsar Jn,2026-09-14T13:30+05:30,2026-09-14T13:33+05:30,,,3,,448.0,New Delhi,Amritsar Jn,Monday
12029,Swarn Shatabdi Express,2026-09-15,NDLS,New Delhi,,,2026-09-15T07:20+05:30,2026-09-15T07:31+05:30,,11,0.0,New Delhi,Amritsar Jn,Tuesday
12029,Swarn Shatabdi Express,2026-09-15,UMB,Ambala Cant Jn,2026-09-15T09:41+05:30,2026-09-15T09:41+05:30,2026-09-15T09:43+05:30,2026-09-15T09:45+05:30,0,2,199.0,New Delhi,Amritsar Jn,Tuesday
12029,Swarn Shatabdi Express,2026-09-15,RPJ,Rajpura Jn,2026-09-15T10:02+05:30,2026-09-15T10:10+05:30,2026-09-15T10:04+05:30,2026-09-15T10:12+05:30,8,8,227.0,New Delhi,Amritsar Jn,Tuesday
12029,Swarn Shatabdi Express,2026-09-15,LDH,Ludhiana Jn,2026-09-15T11:08+05:30,2026-09-15T11:01+05:30,2026-09-15T11:11+05:30,2026-09-15T11:14+05:30,-7,3,312.0,New Delhi,Amritsar Jn,Tuesday
12029,Swarn Shatabdi Express,2026-09-15,PGW,Phagwara Jn,2026-09-15T11:40+05:30,2026-09-15T12:01+05:30,2026-09-15T11:42+05:30,2026-09-15T12:03+05:30,21,21,348.0,New Delhi,Amritsar Jn,Tuesday
12029,Swarn Shatabdi Express,2026-09-15,JUC,Jalandhar City,2026-09-15T12:06+05:30,2026-09-15T12:21+05:30,2026-09-15T12:08+05:30,2026-09-15T12:23+05:30,15,15,369.0,New Delhi,Amritsar Jn,Tuesday
12029,Swarn Shatabdi Express,2026-09-15,BEAS,Beas,2026-09-15T12:38+05:30,2026-09-15T12:50+05:30,2026-09-15T12:40+05:30,2026-09-15T12:53+05:30,12,13,406.0,New Delhi,Amritsar Jn,Tuesday
12029,Swarn Shatabdi Express,2026-09-15,ASR,Amritsar Jn,2026-09-15T13:30+05:30,2026-09-15T13:32+05:30,,,2,,448.0,New Delhi,Amritsar Jn,Tuesday
12029,Swarn Shatabdi Express,2026-09-16,NDLS,New Delhi,,,2026-09-16T07:20+05:30,2026-09-16T07:31+05:30,,11,0.0,New Delhi,Amritsar Jn,Wednesday
12029,Swarn Shatabdi Express,2026-09-16,UMB,Ambala Cant Jn,2026-09-16T09:41+05:30,2026-09-16T09:36+05:30,2026-09-16T09:43+05:30,2026-09-16T09:44+05:30,-5,1,199.0,New Delhi,Amritsar Jn,Wednesday
12029,Swarn Shatabdi Express,2026-09-16,RPJ,Rajpura Jn,2026-09-16T10:02+05:30,2026-09-16T10:13+05:30,2026-09-16T10:04+05:30,2026-09-16T10:15+05:30,11,11,227.0,New Delhi,Amritsar Jn,Wednesday
12029,Swarn Shatabdi Express,2026-09-16,LDH,Ludhiana Jn,2026-09-16T11:08+05:30,2026-09-16T11:05+05:30,2026-09-16T11:11+05:30,2026-09-16T11:13+05:30,-3,2,312.0,New Delhi,Amritsar Jn,Wednesday
12029,Swarn Shatabdi Express,2026-09-16,PGW,Phagwara Jn,2026-09-16T11:40+05:30,2026-09-16T11:46+05:30,2026-09-16T11:42+05:30,2026-09-16T11:48+05:30,6,6,348.0,New Delhi,Amritsar Jn,Wednesday
12029,Swarn Shatabdi Express,2026-09-16,JUC,Jalandhar City,2026-09-16T12:06+05:30,2026-09-16T12:05+05:30,2026-09-16T12:08+05:30,2026-09-16T12:08+05:30,-1,0,369.0,New Delhi,Amritsar Jn,Wednesday
12029,Swarn Shatabdi Express,2026-09-16,BEAS,Beas,2026-09-16T12:38+05:30,2026-09-16T12:35+05:30,2026-09-16T12:40+05:30,2026-09-16T12:41+05:30,-3,1,406.0,New Delhi,Amritsar Jn,Wednesday
12029,Swarn Shatabdi Express,2026-09-16,ASR,Amritsar Jn,2026-09-16T13:30+05:30,2026-09-16T13:21+05:30,,,-9,,448.0,New Delhi,Amritsar Jn,Wednesday
12030,Swarn Shatabdi Express,2026-09-11,ASR,Amritsar Jn,,,2026-09-11T16:50+05:30,2026-09-11T16:55+05:30,,5,0.0,Amritsar Jn,New Delhi,Friday
12030,Swarn Shatabdi Express,2026-09-11,BEAS,Beas,2026-09-11T17:18+05:30,2026-09-11T17:25+05:30,2026-09-11T17:20+05:30,2026-09-11T17:27+05:30,7,7,43.0,Amritsar Jn,New Delhi,Friday
12030,Swarn Shatabdi Express,2026-09-11,JUC,Jalandhar City,2026-09-11T17:53+05:30,2026-09-11T18:00+05:30,2026-09-11T17:56+05:30,2026-09-11T18:03+05:30,7,7,79.0,Amritsar Jn,New Delhi,Friday
12030,Swarn Shatabdi Express,2026-09-11,PGW,Phagwara Jn,2026-09-11T18:14+05:30,2026-09-11T18:22+05:30,2026-09-11T18:16+05:30,2026-09-11T18:24+05:30,8,8,100.0,Amritsar Jn,New Delhi,Friday
12030,Swarn Shatabdi Express,2026-09-11,LDH,Ludhiana Jn,2026-09-11T18:50+05:30,2026-09-11T18:59+05:30,2026-09-11T18:55+05:30,2026-09-11T19:07+05:30,9,12,136.0,Amritsar Jn,New Delhi,Friday
12030,Swarn Shatabdi Express,2026-09-11,RPJ,Rajpura Jn,2026-09-11T19:52+05:30,2026-09-11T19:52+05:30,2026-09-11T19:54+05:30,2026-09-11T19:58+05:30,0,4,222.0,Amritsar Jn,New Delhi,Friday
12030,Swarn Shatabdi Express,2026-09-11,UMB,Ambala Cant Jn,2026-09-11T20:26+05:30,2026-09-11T20:26+05:30,2026-09-11T20:30+05:30,2026-09-11T20:30+05:30,0,0,250.0,Amritsar Jn,New Delhi,Friday
12030,Swarn Shatabdi Express,2026-09-11,NDLS,New Delhi,2026-09-11T22:50+05:30,2026-09-11T22:50+05:30,,,0,,448.0,Amritsar Jn,New Delhi,Friday
12030,Swarn Shatabdi Express,2026-09-12,ASR,Amritsar Jn,,,2026-09-12T16:50+05:30,2026-09-12T16:56+05:30,,6,0.0,Amritsar Jn,New Delhi,Saturday
12030,Swarn Shatabdi Express,2026-09-12,BEAS,Beas,2026-09-12T17:18+05:30,2026-09-12T17:24+05:30,2026-09-12T17:20+05:30,2026-09-12T17:26+05:30,6,6,43.0,Amritsar Jn,New Delhi,Saturday
12030,Swarn Shatabdi Express,2026-09-12,JUC,Jalandhar City,2026-09-12T17:53+05:30,2026-09-12T17:55+05:30,2026-09-12T17:56+05:30,2026-09-12T18:00+05:30,2,4,79.0,Amritsar Jn,New Delhi,Saturday
12030,Swarn Shatabdi Express,2026-09-12,PGW,Phagwara Jn,2026-09-12T18:14+05:30,2026-09-12T18:20+05:30,2026-09-12T18:16+05:30,2026-09-12T18:22+05:30,6,6,100.0,Amritsar Jn,New Delhi,Saturday
12030,Swarn Shatabdi Express,2026-09-12,LDH,Ludhiana Jn,2026-09-12T18:50+05:30,2026-09-12T18:52+05:30,2026-09-12T18:55+05:30,2026-09-12T18:58+05:30,2,3,136.0,Amritsar Jn,New Delhi,Saturday
12030,Swarn Shatabdi Express,2026-09-12,RPJ,Rajpura Jn,2026-09-12T19:52+05:30,2026-09-12T19:48+05:30,2026-09-12T19:54+05:30,2026-09-12T19:55+05:30,-4,1,222.0,Amritsar Jn,New Delhi,Saturday
12030,Swarn Shatabdi Express,2026-09-12,UMB,Ambala Cant Jn,2026-09-12T20:26+05:30,2026-09-12T20:20+05:30,2026-09-12T20:30+05:30,2026-09-12T20:30+05:30,-6,0,250.0,Amritsar Jn,New Delhi,Saturday
12030,Swarn Shatabdi Express,2026-09-12,NDLS,New Delhi,2026-09-12T22:50+05:30,2026-09-12T22:57+05:30,,,7,,448.0,Amritsar Jn,New Delhi,Saturday
12030,Swarn Shatabdi Express,2026-09-13,ASR,Amritsar Jn,,,2026-09-13T16:50+05:30,2026-09-13T17:00+05:30,,10,0.0,Amritsar Jn,New Delhi,Sunday
12030,Swarn Shatabdi Express,2026-09-13,BEAS,Beas,2026-09-13T17:18+05:30,2026-09-13T17:28+05:30,2026-09-13T17:20+05:30,2026-09-13T17:30+05:30,10,10,43.0,Amritsar Jn,New Delhi,Sunday
12030,Swarn Shatabdi Express,2026-09-13,JUC,Jalandhar City,2026-09-13T17:53+05:30,2026-09-13T18:02+05:30,2026-09-13T17:56+05:30,2026-09-13T18:06+05:30,9,10,79.0,Amritsar Jn,New Delhi,Sunday
12030,Swarn Shatabdi Express,2026-09-13,PGW,Phagwara Jn,2026-09-13T18:14+05:30,2026-09-13T18:25+05:30,2026-09-13T18:16+05:30,2026-09-13T18:27+05:30,11,11,100.0,Amritsar Jn,New Delhi,Sunday
12030,Swarn Shatabdi Express,2026-09-13,LDH,Ludhiana Jn,2026-09-13T18:50+05:30,2026-09-13T19:04+05:30,2026-09-13T18:55+05:30,2026-09-13T19:09+05:30,14,14,136.0,Amritsar Jn,New Delhi,Sunday
12030,Swarn Shatabdi Express,2026-09-13,RPJ,Rajpura Jn,2026-09-13T19:52+05:30,2026-09-13T19:57+05:30,2026-09-13T19:54+05:30,2026-09-13T19:59+05:30,5,5,222.0,Amritsar Jn,New Delhi,Sunday
12030,Swarn Shatabdi Express,2026-09-13,UMB,Ambala Cant Jn,2026-09-13T20:26+05:30,2026-09-13T20:23+05:30,2026-09-13T20:30+05:30,2026-09-13T20:30+05:30,-3,0,250.0,Amritsar Jn,New Delhi,Sunday
12030,Swarn Shatabdi Express,2026-09-13,NDLS,New Delhi,2026-09-13T22:50+05:30,2026-09-13T22:53+05:30,,,3,,448.0,Amritsar Jn,New Delhi,Sunday
12030,Swarn Shatabdi Express,2026-09-14,ASR,Amritsar Jn,,,2026-09-14T16:50+05:30,2026-09-14T16:59+05:30,,9,0.0,Amritsar Jn,New Delhi,Monday
12030,Swarn Shatabdi Express,2026-09-14,BEAS,Beas,2026-09-14T17:18+05:30,2026-09-14T17:28+05:30,2026-09-14T17:20+05:30,2026-09-14T17:30+05:30,10,10,43.0,Amritsar Jn,New Delhi,Monday
12030,Swarn Shatabdi Express,2026-09-14,JUC,Jalandhar City,2026-09-14T17:53+05:30,2026-09-14T17:59+05:30,2026-09-14T17:56+05:30,2026-09-14T18:02+05:30,6,6,79.0,Amritsar Jn,New Delhi,Monday
12030,Swarn Shatabdi Express,2026-09-14,PGW,Phagwara Jn,2026-09-14T18:14+05:30,2026-09-14T18:20+05:30,2026-09-14T18:16+05:30,2026-09-14T18:22+05:30,6,6,100.0,Amritsar Jn,New Delhi,Monday
12030,Swarn Shatabdi Express,2026-09-14,LDH,Ludhiana Jn,2026-09-14T18:50+05:30,2026-09-14T18:55+05:30,2026-09-14T18:55+05:30,2026-09-14T19:00+05:30,5,5,136.0,Amritsar Jn,New Delhi,Monday
12030,Swarn Shatabdi Express,2026-09-14,RPJ,Rajpura Jn,2026-09-14T19:52+05:30,2026-09-14T19:49+05:30,2026-09-14T19:54+05:30,2026-09-14T19:55+05:30,-3,1,222.0,Amritsar Jn,New Delhi,Monday
12030,Swarn Shatabdi Express,2026-09-14,UMB,Ambala Cant Jn,2026-09-14T20:26+05:30,2026-09-14T20:19+05:30,2026-09-14T20:30+05:30,2026-09-14T20:30+05:30,-7,0,250.0,Amritsar Jn,New Delhi,Monday
12030,Swarn Shatabdi Express,2026-09-14,NDLS,New Delhi,2026-09-14T22:50+05:30,2026-09-14T22:52+05:30,,,2,,448.0,Amritsar Jn,New Delhi,Monday
12030,Swarn Shatabdi Express,2026-09-15,ASR,Amritsar Jn,,,2026-09-15T16:50+05:30,2026-09-15T17:03+05:30,,13,0.0,Amritsar Jn,New Delhi,Tuesday
12030,Swarn Shatabdi Express,2026-09-15,BEAS,Beas,2026-09-15T17:18+05:30,2026-09-15T17:31+05:30,2026-09-15T17:20+05:30,2026-09-15T17:33+05:30,13,13,43.0,Amritsar Jn,New Delhi,Tuesday
12030,Swarn Shatabdi Express,2026-09-15,JUC,Jalandhar City,2026-09-15T17:53+05:30,2026-09-15T17:54+05:30,2026-09-15T17:56+05:30,2026-09-15T17:57+05:30,1,1,79.0,Amritsar Jn,New Delhi,Tuesday
12030,Swarn Shatabdi Express,2026-09-15,PGW,Phagwara Jn,2026-09-15T18:14+05:30,2026-09-15T18:16+05:30,2026-09-15T18:16+05:30,2026-09-15T18:18+05:30,2,2,100.0,Amritsar Jn,New Delhi,Tuesday
12030,Swarn Shatabdi Express,2026-09-15,LDH,Ludhiana Jn,2026-09-15T18:50+05:30,2026-09-15T18:57+05:30,2026-09-15T18:55+05:30,2026-09-15T19:02+05:30,7,7,136.0,Amritsar Jn,New Delhi,Tuesday
12030,Swarn Shatabdi Express,2026-09-15,RPJ,Rajpura Jn,2026-09-15T19:52+05:30,2026-09-15T20:01+05:30,2026-09-15T19:54+05:30,2026-09-15T20:03+05:30,9,9,222.0,Amritsar Jn,New Delhi,Tuesday
12030,Swarn Shatabdi Express,2026-09-15,UMB,Ambala Cant Jn,2026-09-15T20:26+05:30,2026-09-15T20:26+05:30,2026-09-15T20:30+05:30,2026-09-15T20:31+05:30,0,1,250.0,Amritsar Jn,New Delhi,Tuesday
12030,Swarn Shatabdi Express,2026-09-15,NDLS,New Delhi,2026-09-15T22:50+05:30,2026-09-15T22:57+05:30,,,7,,448.0,Amritsar Jn,New Delhi,Tuesday
12030,Swarn Shatabdi Express,2026-09-16,ASR,Amritsar Jn,,,2026-09-16T16:50+05:30,2026-09-16T16:54+05:30,,4,0.0,Amritsar Jn,New Delhi,Wednesday
12030,Swarn Shatabdi Express,2026-09-16,BEAS,Beas,2026-09-16T17:18+05:30,2026-09-16T17:26+05:30,2026-09-16T17:20+05:30,2026-09-16T17:28+05:30,8,8,43.0,Amritsar Jn,New Delhi,Wednesday
12030,Swarn Shatabdi Express,2026-09-16,JUC,Jalandhar City,2026-09-16T17:53+05:30,2026-09-16T17:57+05:30,2026-09-16T17:56+05:30,2026-09-16T18:00+05:30,4,4,79.0,Amritsar Jn,New Delhi,Wednesday
12030,Swarn Shatabdi Express,2026-09-16,PGW,Phagwara Jn,2026-09-16T18:14+05:30,2026-09-16T18:16+05:30,2026-09-16T18:16+05:30,2026-09-16T18:19+05:30,2,3,100.0,Amritsar Jn,New Delhi,Wednesday
12030,Swarn Shatabdi Express,2026-09-16,LDH,Ludhiana Jn,2026-09-16T18:50+05:30,2026-09-16T18:51+05:30,2026-09-16T18:55+05:30,2026-09-16T18:56+05:30,1,1,136.0,Amritsar Jn,New Delhi,Wednesday
12030,Swarn Shatabdi Express,2026-09-16,RPJ,Rajpura Jn,2026-09-16T19:52+05:30,2026-09-16T19:48+05:30,2026-09-16T19:54+05:30,2026-09-16T19:56+05:30,-4,2,222.0,Amritsar Jn,New Delhi,Wednesday
12030,Swarn Shatabdi Express,2026-09-16,UMB,Ambala Cant Jn,2026-09-16T20:26+05:30,2026-09-16T20:16+05:30,2026-09-16T20:30+05:30,2026-09-16T20:30+05:30,-10,0,250.0,Amritsar Jn,New Delhi,Wednesday
12030,Swarn Shatabdi Express,2026-09-16,NDLS,New Delhi,2026-09-16T22:50+05:30,2026-09-16T22:49+05:30,,,-1,,448.0,Amritsar Jn,New Delhi,Wednesday
12497,Shan-e-Punjab Express,2026-09-11,NDLS,New Delhi,,,2026-09-11T06:40+05:30,2026-09-11T06:51+05:30,,11,0.0,New Delhi,Amritsar Jn,Friday
12497,Shan-e-Punjab Express,2026-09-11,SNP,Sonipat,2026-09-11T07:20+05:30,2026-09-11T07:27+05:30,2026-09-11T07:22+05:30,2026-09-11T07:31+05:30,7,9,45.0,New Delhi,Amritsar Jn,Friday
12497,Shan-e-Punjab Express,2026-09-11,PNP,Panipat Jn,2026-09-11T07:50+05:30,2026-09-11T08:10+05:30,2026-09-11T07:52+05:30,2026-09-11T08:12+05:30,20,20,90.0,New Delhi,Amritsar Jn,Friday
12497,Shan-e-Punjab Express,2026-09-11,KUN,Karnal,2026-09-11T08:14+05:30,2026-09-11T08:34+05:30,2026-09-11T08:16+05:30,2026-09-11T08:36+05:30,20,20,124.0,New Delhi,Amritsar Jn,Friday
12497,Shan-e-Punjab Express,2026-09-11,KKDE,Kurukshetra Jn,2026-09-11T08:39+05:30,2026-09-11T08:59+05:30,2026-09-11T08:41+05:30,2026-09-11T09:01+05:30,20,20,157.0,New Delhi,Amritsar Jn,Friday
12497,Shan-e-Punjab Express,2026-09-11,UMB,Ambala Cant Jn,2026-09-11T10:02+05:30,2026-09-11T09:43+05:30,2026-09-11T10:07+05:30,2026-09-11T10:12+05:30,-19,5,199.0,New Delhi,Amritsar Jn,Friday
12497,Shan-e-Punjab Express,2026-09-11,RPJ,Rajpura Jn,2026-09-11T10:26+05:30,2026-09-11T10:39+05:30,2026-09-11T10:28+05:30,2026-09-11T10:42+05:30,13,14,227.0,New Delhi,Amritsar Jn,Friday
12497,Shan-e-Punjab Express,2026-09-11,KNN,Khanna,2026-09-11T10:54+05:30,2026-09-11T11:09+05:30,2026-09-11T10:56+05:30,2026-09-11T11:11+05:30,15,15,270.0,New Delhi,Amritsar Jn,Friday
12497,Shan-e-Punjab Express,2026-09-11,LDH,Ludhiana Jn,2026-09-11T11:44+05:30,2026-09-11T11:45+05:30,2026-09-11T11:50+05:30,2026-09-11T11:53+05:30,1,3,312.0,New Delhi,Amritsar Jn,Friday
12497,Shan-e-Punjab Express,2026-09-11,PGW,Phagwara Jn,2026-09-11T12:19+05:30,2026-09-11T12:27+05:30,2026-09-11T12:21+05:30,2026-09-11T12:31+05:30,8,10,348.0,New Delhi,Amritsar Jn,Friday
12497,Shan-e-Punjab Express,2026-09-11,JUC,Jalandhar City,2026-09-11T12:50+05:30,2026-09-11T12:51+05:30,2026-09-11T12:55+05:30,2026-09-11T12:56+05:30,1,1,369.0,New Delhi,Amritsar Jn,Friday
12497,Shan-e-Punjab Express,2026-09-11,BEAS,Beas,2026-09-11T13:23+05:30,2026-09-11T13:22+05:30,2026-09-11T13:25+05:30,2026-09-11T13:29+05:30,-1,4,406.0,New Delhi,Amritsar Jn,Friday
12497,Shan-e-Punjab Express,2026-09-11,ASR,Amritsar Jn,2026-09-11T14:15+05:30,2026-09-11T14:32+05:30,,,17,,448.0,New Delhi,Amritsar Jn,Friday
12497,Shan-e-Punjab Express,2026-09-12,NDLS,New Delhi,,,2026-09-12T06:40+05:30,2026-09-12T06:54+05:30,,14,0.0,New Delhi,Amritsar Jn,Saturday
12497,Shan-e-Punjab Express,2026-09-12,SNP,Sonipat,2026-09-12T07:20+05:30,2026-09-12T07:40+05:30,2026-09-12T07:22+05:30,2026-09-12T07:42+05:30,20,20,45.0,New Delhi,Amritsar Jn,Saturday
12497,Shan-e-Punjab Express,2026-09-12,PNP,Panipat Jn,2026-09-12T07:50+05:30,2026-09-12T08:24+05:30,2026-09-12T07:52+05:30,2026-09-12T08:27+05:30,34,35,90.0,New Delhi,Amritsar Jn,Saturday
12497,Shan-e-Punjab Express,2026-09-12,KUN,Karnal,2026-09-12T08:14+05:30,2026-09-12T09:05+05:30,2026-09-12T08:16+05:30,2026-09-12T09:07+05:30,51,51,124.0,New Delhi,Amritsar Jn,Saturday
12497,Shan-e-Punjab Express,2026-09-12,KKDE,Kurukshetra Jn,2026-09-12T08:39+05:30,2026-09-12T09:34+05:30,2026-09-12T08:41+05:30,2026-09-12T09:39+05:30,55,58,157.0,New Delhi,Amritsar Jn,Saturday
12497,Shan-e-Punjab Express,2026-09-12,UMB,Ambala Cant Jn,2026-09-12T10:02+05:30,2026-09-12T10:10+05:30,2026-09-12T10:07+05:30,2026-09-12T10:17+05:30,8,10,199.0,New Delhi,Amritsar Jn,Saturday
12497,Shan-e-Punjab Express,2026-09-12,RPJ,Rajpura Jn,2026-09-12T10:26+05:30,2026-09-12T10:45+05:30,2026-09-12T10:28+05:30,2026-09-12T10:48+05:30,19,20,227.0,New Delhi,Amritsar Jn,Saturday
12497,Shan-e-Punjab Express,2026-09-12,KNN,Khanna,2026-09-12T10:54+05:30,2026-09-12T11:14+05:30,2026-09-12T10:56+05:30,2026-09-12T11:16+05:30,20,20,270.0,New Delhi,Amritsar Jn,Saturday
12497,Shan-e-Punjab Express,2026-09-12,LDH,Ludhiana Jn,2026-09-12T11:44+05:30,2026-09-12T11:53+05:30,2026-09-12T11:50+05:30,2026-09-12T12:02+05:30,9,12,312.0,New Delhi,Amritsar Jn,Saturday
12497,Shan-e-Punjab Express,2026-09-12,PGW,Phagwara Jn,2026-09-12T12:19+05:30,2026-09-12T12:35+05:30,2026-09-12T12:21+05:30,2026-09-12T12:39+05:30,16,18,348.0,New Delhi,Amritsar Jn,Saturday
12497,Shan-e-Punjab Express,2026-09-12,JUC,Jalandhar City,2026-09-12T12:50+05:30,2026-09-12T12:58+05:30,2026-09-12T12:55+05:30,2026-09-12T13:04+05:30,8,9,369.0,New Delhi,Amritsar Jn,Saturday
12497,Shan-e-Punjab Express,2026-09-12,BEAS,Beas,2026-09-12T13:23+05:30,2026-09-12T13:32+05:30,2026-09-12T13:25+05:30,2026-09-12T13:37+05:30,9,12,406.0,New Delhi,Amritsar Jn,Saturday
12497,Shan-e-Punjab Express,2026-09-12,ASR,Amritsar Jn,2026-09-12T14:15+05:30,2026-09-12T14:22+05:30,,,7,,448.0,New Delhi,Amritsar Jn,Saturday
12497,Shan-e-Punjab Express,2026-09-13,NDLS,New Delhi,,,2026-09-13T06:40+05:30,2026-09-13T06:45+05:30,,5,0.0,New Delhi,Amritsar Jn,Sunday
12497,Shan-e-Punjab Express,2026-09-13,SNP,Sonipat,2026-09-13T07:20+05:30,2026-09-13T07:29+05:30,2026-09-13T07:22+05:30,2026-09-13T07:31+05:30,9,9,45.0,New Delhi,Amritsar Jn,Sunday
12497,Shan-e-Punjab Express,2026-09-13,PNP,Panipat Jn,2026-09-13T07:50+05:30,2026-09-13T08:12+05:30,2026-09-13T07:52+05:30,2026-09-13T08:15+05:30,22,23,90.0,New Delhi,Amritsar Jn,Sunday
12497,Shan-e-Punjab Express,2026-09-13,KUN,Karnal,2026-09-13T08:14+05:30,2026-09-13T08:36+05:30,2026-09-13T08:16+05:30,2026-09-13T08:38+05:30,22,22,124.0,New Delhi,Amritsar Jn,Sunday
12497,Shan-e-Punjab Express,2026-09-13,KKDE,Kurukshetra Jn,2026-09-13T08:39+05:30,2026-09-13T09:01+05:30,2026-09-13T08:41+05:30,2026-09-13T09:12+05:30,22,31,157.0,New Delhi,Amritsar Jn,Sunday
12497,Shan-e-Punjab Express,2026-09-13,UMB,Ambala Cant Jn,2026-09-13T10:02+05:30,2026-09-13T09:39+05:30,2026-09-13T10:07+05:30,2026-09-13T10:27+05:30,-23,20,199.0,New Delhi,Amritsar Jn,Sunday
12497,Shan-e-Punjab Express,2026-09-13,RPJ,Rajpura Jn,2026-09-13T10:26+05:30,2026-09-13T10:54+05:30,2026-09-13T10:28+05:30,2026-09-13T10:56+05:30,28,28,227.0,New Delhi,Amritsar Jn,Sunday
12497,Shan-e-Punjab Express,2026-09-13,KNN,Khanna,2026-09-13T10:54+05:30,2026-09-13T11:22+05:30,2026-09-13T10:56+05:30,2026-09-13T11:24+05:30,28,28,270.0,New Delhi,Amritsar Jn,Sunday
12497,Shan-e-Punjab Express,2026-09-13,LDH,Ludhiana Jn,2026-09-13T11:44+05:30,2026-09-13T11:57+05:30,2026-09-13T11:50+05:30,2026-09-13T12:08+05:30,13,18,312.0,New Delhi,Amritsar Jn,Sunday
12497,Shan-e-Punjab Express,2026-09-13,PGW,Phagwara Jn,2026-09-13T12:19+05:30,2026-09-13T12:42+05:30,2026-09-13T12:21+05:30,2026-09-13T12:46+05:30,23,25,348.0,New Delhi,Amritsar Jn,Sunday
12497,Shan-e-Punjab Express,2026-09-13,JUC,Jalandhar City,2026-09-13T12:50+05:30,2026-09-13T12:56+05:30,2026-09-13T12:55+05:30,2026-09-13T13:11+05:30,6,16,369.0,New Delhi,Amritsar Jn,Sunday
12497,Shan-e-Punjab Express,2026-09-13,BEAS,Beas,2026-09-13T13:23+05:30,2026-09-13T13:33+05:30,2026-09-13T13:25+05:30,2026-09-13T13:39+05:30,10,14,406.0,New Delhi,Amritsar Jn,Sunday
12497,Shan-e-Punjab Express,2026-09-13,ASR,Amritsar Jn,2026-09-13T14:15+05:30,2026-09-13T14:24+05:30,,,9,,448.0,New Delhi,Amritsar Jn,Sunday
12497,Shan-e-Punjab Express,2026-09-14,NDLS,New Delhi,,,2026-09-14T06:40+05:30,2026-09-14T07:09+05:30,,29,0.0,New Delhi,Amritsar Jn,Monday
12497,Shan-e-Punjab Express,2026-09-14,SNP,Sonipat,2026-09-14T07:20+05:30,2026-09-14T07:42+05:30,2026-09-14T07:22+05:30,2026-09-14T07:44+05:30,22,22,45.0,New Delhi,Amritsar Jn,Monday
12497,Shan-e-Punjab Express,2026-09-14,PNP,Panipat Jn,2026-09-14T07:50+05:30,2026-09-14T09:04+05:30,2026-09-14T07:52+05:30,2026-09-14T09:14+05:30,74,82,90.0,New Delhi,Amritsar Jn,Monday
12497,Shan-e-Punjab Express,2026-09-14,KUN,Karnal,2026-09-14T08:14+05:30,2026-09-14T09:34+05:30,2026-09-14T08:16+05:30,2026-09-14T09:37+05:30,80,81,124.0,New Delhi,Amritsar Jn,Monday
12497,Shan-e-Punjab Express,2026-09-14,KKDE,Kurukshetra Jn,2026-09-14T08:39+05:30,2026-09-14T10:05+05:30,2026-09-14T08:41+05:30,2026-09-14T10:08+05:30,86,87,157.0,New Delhi,Amritsar Jn,Monday
12497,Shan-e-Punjab Express,2026-09-14,UMB,Ambala Cant Jn,2026-09-14T10:02+05:30,2026-09-14T11:26+05:30,2026-09-14T10:07+05:30,2026-09-14T11:32+05:30,84,85,199.0,New Delhi,Amritsar Jn,Monday
12497,Shan-e-Punjab Express,2026-09-14,RPJ,Rajpura Jn,2026-09-14T10:26+05:30,2026-09-14T11:57+05:30,2026-09-14T10:28+05:30,2026-09-14T12:00+05:30,91,92,227.0,New Delhi,Amritsar Jn,Monday
12497,Shan-e-Punjab Express,2026-09-14,KNN,Khanna,2026-09-14T10:54+05:30,2026-09-14T12:29+05:30,2026-09-14T10:56+05:30,2026-09-14T12:31+05:30,95,95,270.0,New Delhi,Amritsar Jn,Monday
12497,Shan-e-Punjab Express,2026-09-14,LDH,Ludhiana Jn,2026-09-14T11:44+05:30,2026-09-14T13:03+05:30,2026-09-14T11:50+05:30,2026-09-14T13:16+05:30,79,86,312.0,New Delhi,Amritsar Jn,Monday
12497,Shan-e-Punjab Express,2026-09-14,PGW,Phagwara Jn,2026-09-14T12:19+05:30,2026-09-14T13:52+05:30,2026-09-14T12:21+05:30,2026-09-14T13:54+05:30,93,93,348.0,New Delhi,Amritsar Jn,Monday
12497,Shan-e-Punjab Express,2026-09-14,JUC,Jalandhar City,2026-09-14T12:50+05:30,2026-09-14T14:11+05:30,2026-09-14T12:55+05:30,2026-09-14T14:16+05:30,81,81,369.0,New Delhi,Amritsar Jn,Monday
12497,Shan-e-Punjab Express,2026-09-14,BEAS,Beas,2026-09-14T13:23+05:30,2026-09-14T14:44+05:30,2026-09-14T13:25+05:30,2026-09-14T14:47+05:30,81,82,406.0,New Delhi,Amritsar Jn,Monday
12497,Shan-e-Punjab Express,2026-09-14,ASR,Amritsar Jn,2026-09-14T14:15+05:30,2026-09-14T15:23+05:30,,,68,,448.0,New Delhi,Amritsar Jn,Monday
12497,Shan-e-Punjab Express,2026-09-15,NDLS,New Delhi,,,2026-09-15T06:40+05:30,2026-09-15T06:54+05:30,,14,0.0,New Delhi,Amritsar Jn,Tuesday
12497,Shan-e-Punjab Express,2026-09-15,SNP,Sonipat,2026-09-15T07:20+05:30,2026-09-15T07:26+05:30,2026-09-15T07:22+05:30,2026-09-15T07:28+05:30,6,6,45.0,New Delhi,Amritsar Jn,Tuesday
12497,Shan-e-Punjab Express,2026-09-15,PNP,Panipat Jn,2026-09-15T07:50+05:30,2026-09-15T08:08+05:30,2026-09-15T07:52+05:30,2026-09-15T08:10+05:30,18,18,90.0,New Delhi,Amritsar Jn,Tuesday
12497,Shan-e-Punjab Express,2026-09-15,KUN,Karnal,2026-09-15T08:14+05:30,2026-09-15T08:47+05:30,2026-09-15T08:16+05:30,2026-09-15T08:49+05:30,33,33,124.0,New Delhi,Amritsar Jn,Tuesday
12497,Shan-e-Punjab Express,2026-09-15,KKDE,Kurukshetra Jn,2026-09-15T08:39+05:30,2026-09-15T09:11+05:30,2026-09-15T08:41+05:30,2026-09-15T09:18+05:30,32,37,157.0,New Delhi,Amritsar Jn,Tuesday
12497,Shan-e-Punjab Express,2026-09-15,UMB,Ambala Cant Jn,2026-09-15T10:02+05:30,2026-09-15T09:56+05:30,2026-09-15T10:07+05:30,2026-09-15T10:07+05:30,-6,0,199.0,New Delhi,Amritsar Jn,Tuesday
12497,Shan-e-Punjab Express,2026-09-15,RPJ,Rajpura Jn,2026-09-15T10:26+05:30,2026-09-15T10:34+05:30,2026-09-15T10:28+05:30,2026-09-15T10:36+05:30,8,8,227.0,New Delhi,Amritsar Jn,Tuesday
12497,Shan-e-Punjab Express,2026-09-15,KNN,Khanna,2026-09-15T10:54+05:30,2026-09-15T11:02+05:30,2026-09-15T10:56+05:30,2026-09-15T11:04+05:30,8,8,270.0,New Delhi,Amritsar Jn,Tuesday
12497,Shan-e-Punjab Express,2026-09-15,LDH,Ludhiana Jn,2026-09-15T11:44+05:30,2026-09-15T11:39+05:30,2026-09-15T11:50+05:30,2026-09-15T11:51+05:30,-5,1,312.0,New Delhi,Amritsar Jn,Tuesday
12497,Shan-e-Punjab Express,2026-09-15,PGW,Phagwara Jn,2026-09-15T12:19+05:30,2026-09-15T12:42+05:30,2026-09-15T12:21+05:30,2026-09-15T12:44+05:30,23,23,348.0,New Delhi,Amritsar Jn,Tuesday
12497,Shan-e-Punjab Express,2026-09-15,JUC,Jalandhar City,2026-09-15T12:50+05:30,2026-09-15T12:57+05:30,2026-09-15T12:55+05:30,2026-09-15T13:15+05:30,7,20,369.0,New Delhi,Amritsar Jn,Tuesday
12497,Shan-e-Punjab Express,2026-09-15,BEAS,Beas,2026-09-15T13:23+05:30,2026-09-15T13:49+05:30,2026-09-15T13:25+05:30,2026-09-15T13:51+05:30,26,26,406.0,New Delhi,Amritsar Jn,Tuesday
12497,Shan-e-Punjab Express,2026-09-15,ASR,Amritsar Jn,2026-09-15T14:15+05:30,2026-09-15T14:32+05:30,,,17,,448.0,New Delhi,Amritsar Jn,Tuesday
12497,Shan-e-Punjab Express,2026-09-16,NDLS,New Delhi,,,2026-09-16T06:40+05:30,2026-09-16T06:45+05:30,,5,0.0,New Delhi,Amritsar Jn,Wednesday
12497,Shan-e-Punjab Express,2026-09-16,SNP,Sonipat,2026-09-16T07:20+05:30,2026-09-16T07:34+05:30,2026-09-16T07:22+05:30,2026-09-16T07:37+05:30,14,15,45.0,New Delhi,Amritsar Jn,Wednesday
12497,Shan-e-Punjab Express,2026-09-16,PNP,Panipat Jn,2026-09-16T07:50+05:30,2026-09-16T08:14+05:30,2026-09-16T07:52+05:30,2026-09-16T08:16+05:30,24,24,90.0,New Delhi,Amritsar Jn,Wednesday
12497,Shan-e-Punjab Express,2026-09-16,KUN,Karnal,2026-09-16T08:14+05:30,2026-09-16T08:37+05:30,2026-09-16T08:16+05:30,2026-09-16T08:40+05:30,23,24,124.0,New Delhi,Amritsar Jn,Wednesday
12497,Shan-e-Punjab Express,2026-09-16,KKDE,Kurukshetra Jn,2026-09-16T08:39+05:30,2026-09-16T09:01+05:30,2026-09-16T08:41+05:30,2026-09-16T09:09+05:30,22,28,157.0,New Delhi,Amritsar Jn,Wednesday
12497,Shan-e-Punjab Express,2026-09-16,UMB,Ambala Cant Jn,2026-09-16T10:02+05:30,2026-09-16T09:54+05:30,2026-09-16T10:07+05:30,2026-09-16T10:08+05:30,-8,1,199.0,New Delhi,Amritsar Jn,Wednesday
12497,Shan-e-Punjab Express,2026-09-16,RPJ,Rajpura Jn,2026-09-16T10:26+05:30,2026-09-16T10:38+05:30,2026-09-16T10:28+05:30,2026-09-16T10:41+05:30,12,13,227.0,New Delhi,Amritsar Jn,Wednesday
12497,Shan-e-Punjab Express,2026-09-16,KNN,Khanna,2026-09-16T10:54+05:30,2026-09-16T11:06+05:30,2026-09-16T10:56+05:30,2026-09-16T11:08+05:30,12,12,270.0,New Delhi,Amritsar Jn,Wednesday
12497,Shan-e-Punjab Express,2026-09-16,LDH,Ludhiana Jn,2026-09-16T11:44+05:30,2026-09-16T11:42+05:30,2026-09-16T11:50+05:30,2026-09-16T11:53+05:30,-2,3,312.0,New Delhi,Amritsar Jn,Wednesday
12497,Shan-e-Punjab Express,2026-09-16,PGW,Phagwara Jn,2026-09-16T12:19+05:30,2026-09-16T12:28+05:30,2026-09-16T12:21+05:30,2026-09-16T12:31+05:30,9,10,348.0,New Delhi,Amritsar Jn,Wednesday
12497,Shan-e-Punjab Express,2026-09-16,JUC,Jalandhar City,2026-09-16T12:50+05:30,2026-09-16T12:51+05:30,2026-09-16T12:55+05:30,2026-09-16T13:07+05:30,1,12,369.0,New Delhi,Amritsar Jn,Wednesday
12497,Shan-e-Punjab Express,2026-09-16,BEAS,Beas,2026-09-16T13:23+05:30,2026-09-16T13:32+05:30,2026-09-16T13:25+05:30,2026-09-16T13:34+05:30,9,9,406.0,New Delhi,Amritsar Jn,Wednesday
12497,Shan-e-Punjab Express,2026-09-16,ASR,Amritsar Jn,2026-09-16T14:15+05:30,2026-09-16T14:23+05:30,,,8,,448.0,New Delhi,Amritsar Jn,Wednesday
12497,Shan-e-Punjab Express,2026-09-17,NDLS,New Delhi,,,2026-09-17T06:40+05:30,2026-09-17T06:49+05:30,,9,0.0,New Delhi,Amritsar Jn,Thursday
12497,Shan-e-Punjab Express,2026-09-17,SNP,Sonipat,2026-09-17T07:20+05:30,2026-09-17T07:32+05:30,2026-09-17T07:22+05:30,2026-09-17T07:35+05:30,12,13,45.0,New Delhi,Amritsar Jn,Thursday
12497,Shan-e-Punjab Express,2026-09-17,PNP,Panipat Jn,2026-09-17T07:50+05:30,2026-09-17T08:21+05:30,2026-09-17T07:52+05:30,2026-09-17T08:23+05:30,31,31,90.0,New Delhi,Amritsar Jn,Thursday
12497,Shan-e-Punjab Express,2026-09-17,KUN,Karnal,2026-09-17T08:14+05:30,2026-09-17T08:41+05:30,2026-09-17T08:16+05:30,2026-09-17T08:53+05:30,27,37,124.0,New Delhi,Amritsar Jn,Thursday
12497,Shan-e-Punjab Express,2026-09-17,KKDE,Kurukshetra Jn,2026-09-17T08:39+05:30,2026-09-17T09:21+05:30,2026-09-17T08:41+05:30,2026-09-17T09:24+05:30,42,43,157.0,New Delhi,Amritsar Jn,Thursday
12497,Shan-e-Punjab Express,2026-09-17,UMB,Ambala Cant Jn,2026-09-17T10:02+05:30,2026-09-17T09:54+05:30,2026-09-17T10:07+05:30,2026-09-17T10:07+05:30,-8,0,199.0,New Delhi,Amritsar Jn,Thursday
12497,Shan-e-Punjab Express,2026-09-17,RPJ,Rajpura Jn,2026-09-17T10:26+05:30,2026-09-17T10:37+05:30,2026-09-17T10:28+05:30,2026-09-17T10:39+05:30,11,11,227.0,New Delhi,Amritsar Jn,Thursday
12497,Shan-e-Punjab Express,2026-09-17,KNN,Khanna,2026-09-17T10:54+05:30,2026-09-17T11:05+05:30,2026-09-17T10:56+05:30,2026-09-17T11:07+05:30,11,11,270.0,New Delhi,Amritsar Jn,Thursday
12497,Shan-e-Punjab Express,2026-09-17,LDH,Ludhiana Jn,2026-09-17T11:44+05:30,2026-09-17T11:42+05:30,2026-09-17T11:50+05:30,2026-09-17T11:57+05:30,-2,7,312.0,New Delhi,Amritsar Jn,Thursday
12497,Shan-e-Punjab Express,2026-09-17,PGW,Phagwara Jn,2026-09-17T12:19+05:30,2026-09-17T12:57+05:30,2026-09-17T12:21+05:30,2026-09-17T13:06+05:30,38,45,348.0,New Delhi,Amritsar Jn,Thursday
12497,Shan-e-Punjab Express,2026-09-17,JUC,Jalandhar City,2026-09-17T12:50+05:30,2026-09-17T13:39+05:30,2026-09-17T12:55+05:30,2026-09-17T14:30+05:30,49,95,369.0,New Delhi,Amritsar Jn,Thursday
12498,Shan-e-Punjab Express,2026-09-11,ASR,Amritsar Jn,,,2026-09-11T15:10+05:30,2026-09-11T15:18+05:30,,8,0.0,Amritsar Jn,New Delhi,Friday
12498,Shan-e-Punjab Express,2026-09-11,BEAS,Beas,2026-09-11T15:38+05:30,2026-09-11T15:51+05:30,2026-09-11T15:40+05:30,2026-09-11T15:53+05:30,13,13,43.0,Amritsar Jn,New Delhi,Friday
12498,Shan-e-Punjab Express,2026-09-11,JUC,Jalandhar City,2026-09-11T16:13+05:30,2026-09-11T16:23+05:30,2026-09-11T16:18+05:30,2026-09-11T16:28+05:30,10,10,79.0,Amritsar Jn,New Delhi,Friday
12498,Shan-e-Punjab Express,2026-09-11,PGW,Phagwara Jn,2026-09-11T16:36+05:30,2026-09-11T16:45+05:30,2026-09-11T16:38+05:30,2026-09-11T16:47+05:30,9,9,100.0,Amritsar Jn,New Delhi,Friday
12498,Shan-e-Punjab Express,2026-09-11,DDL,Dhandari Kalan,2026-09-11T17:35+05:30,2026-09-11T17:31+05:30,2026-09-11T17:40+05:30,2026-09-11T17:40+05:30,-4,0,143.0,Amritsar Jn,New Delhi,Friday
12498,Shan-e-Punjab Express,2026-09-11,KNN,Khanna,2026-09-11T18:08+05:30,2026-09-11T18:04+05:30,2026-09-11T18:10+05:30,2026-09-11T18:10+05:30,-4,0,178.0,Amritsar Jn,New Delhi,Friday
12498,Shan-e-Punjab Express,2026-09-11,RPJ,Rajpura Jn,2026-09-11T18:35+05:30,2026-09-11T18:37+05:30,2026-09-11T18:37+05:30,2026-09-11T18:40+05:30,2,3,222.0,Amritsar Jn,New Delhi,Friday
12498,Shan-e-Punjab Express,2026-09-11,UMB,Ambala Cant Jn,2026-09-11T19:15+05:30,2026-09-11T19:15+05:30,2026-09-11T19:25+05:30,2026-09-11T19:26+05:30,0,1,250.0,Amritsar Jn,New Delhi,Friday
12498,Shan-e-Punjab Express,2026-09-11,KKDE,Kurukshetra Jn,2026-09-11T19:55+05:30,2026-09-11T19:58+05:30,2026-09-11T19:57+05:30,2026-09-11T20:00+05:30,3,3,291.0,Amritsar Jn,New Delhi,Friday
12498,Shan-e-Punjab Express,2026-09-11,KUN,Karnal,2026-09-11T20:20+05:30,2026-09-11T20:25+05:30,2026-09-11T20:22+05:30,2026-09-11T20:29+05:30,5,7,324.0,Amritsar Jn,New Delhi,Friday
12498,Shan-e-Punjab Express,2026-09-11,PNP,Panipat Jn,2026-09-11T20:44+05:30,2026-09-11T20:56+05:30,2026-09-11T20:46+05:30,2026-09-11T20:58+05:30,12,12,359.0,Amritsar Jn,New Delhi,Friday
12498,Shan-e-Punjab Express,2026-09-11,SNP,Sonipat,2026-09-11T21:14+05:30,2026-09-11T21:29+05:30,2026-09-11T21:16+05:30,2026-09-11T21:32+05:30,15,16,404.0,Amritsar Jn,New Delhi,Friday
12498,Shan-e-Punjab Express,2026-09-11,SZM,Subzi Mandi,2026-09-11T21:48+05:30,2026-09-11T22:04+05:30,2026-09-11T21:50+05:30,2026-09-11T22:11+05:30,16,21,444.0,Amritsar Jn,New Delhi,Friday
12498,Shan-e-Punjab Express,2026-09-11,NDLS,New Delhi,2026-09-11T22:30+05:30,2026-09-11T22:28+05:30,,,-2,,448.0,Amritsar Jn,New Delhi,Friday
12498,Shan-e-Punjab Express,2026-09-12,ASR,Amritsar Jn,,,2026-09-12T15:10+05:30,2026-09-12T15:20+05:30,,10,0.0,Amritsar Jn,New Delhi,Saturday
12498,Shan-e-Punjab Express,2026-09-12,BEAS,Beas,2026-09-12T15:38+05:30,2026-09-12T15:48+05:30,2026-09-12T15:40+05:30,2026-09-12T15:50+05:30,10,10,43.0,Amritsar Jn,New Delhi,Saturday
12498,Shan-e-Punjab Express,2026-09-12,JUC,Jalandhar City,2026-09-12T16:13+05:30,2026-09-12T16:16+05:30,2026-09-12T16:18+05:30,2026-09-12T16:21+05:30,3,3,79.0,Amritsar Jn,New Delhi,Saturday
12498,Shan-e-Punjab Express,2026-09-12,PGW,Phagwara Jn,2026-09-12T16:36+05:30,2026-09-12T16:38+05:30,2026-09-12T16:38+05:30,2026-09-12T16:40+05:30,2,2,100.0,Amritsar Jn,New Delhi,Saturday
12498,Shan-e-Punjab Express,2026-09-12,DDL,Dhandari Kalan,2026-09-12T17:35+05:30,2026-09-12T17:28+05:30,2026-09-12T17:40+05:30,2026-09-12T17:40+05:30,-7,0,143.0,Amritsar Jn,New Delhi,Saturday
12498,Shan-e-Punjab Express,2026-09-12,KNN,Khanna,2026-09-12T18:08+05:30,2026-09-12T18:01+05:30,2026-09-12T18:10+05:30,2026-09-12T18:10+05:30,-7,0,178.0,Amritsar Jn,New Delhi,Saturday
12498,Shan-e-Punjab Express,2026-09-12,RPJ,Rajpura Jn,2026-09-12T18:35+05:30,2026-09-12T18:34+05:30,2026-09-12T18:37+05:30,2026-09-12T18:37+05:30,-1,0,222.0,Amritsar Jn,New Delhi,Saturday
12498,Shan-e-Punjab Express,2026-09-12,UMB,Ambala Cant Jn,2026-09-12T19:15+05:30,2026-09-12T19:13+05:30,2026-09-12T19:25+05:30,2026-09-12T19:25+05:30,-2,0,250.0,Amritsar Jn,New Delhi,Saturday
12498,Shan-e-Punjab Express,2026-09-12,KKDE,Kurukshetra Jn,2026-09-12T19:55+05:30,2026-09-12T19:56+05:30,2026-09-12T19:57+05:30,2026-09-12T19:58+05:30,1,1,291.0,Amritsar Jn,New Delhi,Saturday
12498,Shan-e-Punjab Express,2026-09-12,KUN,Karnal,2026-09-12T20:20+05:30,2026-09-12T20:20+05:30,2026-09-12T20:22+05:30,2026-09-12T20:24+05:30,0,2,324.0,Amritsar Jn,New Delhi,Saturday
12498,Shan-e-Punjab Express,2026-09-12,PNP,Panipat Jn,2026-09-12T20:44+05:30,2026-09-12T20:48+05:30,2026-09-12T20:46+05:30,2026-09-12T20:51+05:30,4,5,359.0,Amritsar Jn,New Delhi,Saturday
12498,Shan-e-Punjab Express,2026-09-12,SNP,Sonipat,2026-09-12T21:14+05:30,2026-09-12T21:24+05:30,2026-09-12T21:16+05:30,2026-09-12T21:27+05:30,10,11,404.0,Amritsar Jn,New Delhi,Saturday
12498,Shan-e-Punjab Express,2026-09-12,SZM,Subzi Mandi,2026-09-12T21:48+05:30,2026-09-12T21:55+05:30,2026-09-12T21:50+05:30,2026-09-12T22:10+05:30,7,20,444.0,Amritsar Jn,New Delhi,Saturday
12498,Shan-e-Punjab Express,2026-09-12,NDLS,New Delhi,2026-09-12T22:30+05:30,2026-09-12T22:42+05:30,,,12,,448.0,Amritsar Jn,New Delhi,Saturday
12498,Shan-e-Punjab Express,2026-09-13,ASR,Amritsar Jn,,,2026-09-13T15:10+05:30,2026-09-13T15:28+05:30,,18,0.0,Amritsar Jn,New Delhi,Sunday
12498,Shan-e-Punjab Express,2026-09-13,BEAS,Beas,2026-09-13T15:38+05:30,2026-09-13T15:52+05:30,2026-09-13T15:40+05:30,2026-09-13T15:59+05:30,14,19,43.0,Amritsar Jn,New Delhi,Sunday
12498,Shan-e-Punjab Express,2026-09-13,JUC,Jalandhar City,2026-09-13T16:13+05:30,2026-09-13T16:34+05:30,2026-09-13T16:18+05:30,2026-09-13T16:39+05:30,21,21,79.0,Amritsar Jn,New Delhi,Sunday
12498,Shan-e-Punjab Express,2026-09-13,PGW,Phagwara Jn,2026-09-13T16:36+05:30,2026-09-13T17:07+05:30,2026-09-13T16:38+05:30,2026-09-13T17:09+05:30,31,31,100.0,Amritsar Jn,New Delhi,Sunday
12498,Shan-e-Punjab Express,2026-09-13,DDL,Dhandari Kalan,2026-09-13T17:35+05:30,2026-09-13T17:52+05:30,2026-09-13T17:40+05:30,2026-09-13T17:57+05:30,17,17,143.0,Amritsar Jn,New Delhi,Sunday
12498,Shan-e-Punjab Express,2026-09-13,KNN,Khanna,2026-09-13T18:08+05:30,2026-09-13T18:17+05:30,2026-09-13T18:10+05:30,2026-09-13T18:19+05:30,9,9,178.0,Amritsar Jn,New Delhi,Sunday
12498,Shan-e-Punjab Express,2026-09-13,RPJ,Rajpura Jn,2026-09-13T18:35+05:30,2026-09-13T18:45+05:30,2026-09-13T18:37+05:30,2026-09-13T18:48+05:30,10,11,222.0,Amritsar Jn,New Delhi,Sunday
12498,Shan-e-Punjab Express,2026-09-13,UMB,Ambala Cant Jn,2026-09-13T19:15+05:30,2026-09-13T19:14+05:30,2026-09-13T19:25+05:30,2026-09-13T19:26+05:30,-1,1,250.0,Amritsar Jn,New Delhi,Sunday
12498,Shan-e-Punjab Express,2026-09-13,KKDE,Kurukshetra Jn,2026-09-13T19:55+05:30,2026-09-13T19:57+05:30,2026-09-13T19:57+05:30,2026-09-13T20:01+05:30,2,4,291.0,Amritsar Jn,New Delhi,Sunday
12498,Shan-e-Punjab Express,2026-09-13,KUN,Karnal,2026-09-13T20:20+05:30,2026-09-13T20:21+05:30,2026-09-13T20:22+05:30,2026-09-13T20:24+05:30,1,2,324.0,Amritsar Jn,New Delhi,Sunday
12498,Shan-e-Punjab Express,2026-09-13,PNP,Panipat Jn,2026-09-13T20:44+05:30,2026-09-13T20:50+05:30,2026-09-13T20:46+05:30,2026-09-13T20:52+05:30,6,6,359.0,Amritsar Jn,New Delhi,Sunday
12498,Shan-e-Punjab Express,2026-09-13,SNP,Sonipat,2026-09-13T21:14+05:30,2026-09-13T21:31+05:30,2026-09-13T21:16+05:30,2026-09-13T21:40+05:30,17,24,404.0,Amritsar Jn,New Delhi,Sunday
12498,Shan-e-Punjab Express,2026-09-13,SZM,Subzi Mandi,2026-09-13T21:48+05:30,2026-09-13T22:14+05:30,2026-09-13T21:50+05:30,2026-09-13T22:19+05:30,26,29,444.0,Amritsar Jn,New Delhi,Sunday
12498,Shan-e-Punjab Express,2026-09-13,NDLS,New Delhi,2026-09-13T22:30+05:30,2026-09-13T22:33+05:30,,,3,,448.0,Amritsar Jn,New Delhi,Sunday
12498,Shan-e-Punjab Express,2026-09-14,ASR,Amritsar Jn,,,2026-09-14T15:10+05:30,2026-09-14T16:22+05:30,,72,0.0,Amritsar Jn,New Delhi,Monday
12498,Shan-e-Punjab Express,2026-09-14,BEAS,Beas,2026-09-14T15:38+05:30,2026-09-14T16:53+05:30,2026-09-14T15:40+05:30,2026-09-14T16:58+05:30,75,78,43.0,Amritsar Jn,New Delhi,Monday
12498,Shan-e-Punjab Express,2026-09-14,JUC,Jalandhar City,2026-09-14T16:13+05:30,2026-09-14T17:28+05:30,2026-09-14T16:18+05:30,2026-09-14T17:33+05:30,75,75,79.0,Amritsar Jn,New Delhi,Monday
12498,Shan-e-Punjab Express,2026-09-14,PGW,Phagwara Jn,2026-09-14T16:36+05:30,2026-09-14T17:55+05:30,2026-09-14T16:38+05:30,2026-09-14T17:58+05:30,79,80,100.0,Amritsar Jn,New Delhi,Monday
12498,Shan-e-Punjab Express,2026-09-14,DDL,Dhandari Kalan,2026-09-14T17:35+05:30,2026-09-14T18:57+05:30,2026-09-14T17:40+05:30,2026-09-14T19:10+05:30,82,90,143.0,Amritsar Jn,New Delhi,Monday
12498,Shan-e-Punjab Express,2026-09-14,KNN,Khanna,2026-09-14T18:08+05:30,2026-09-14T19:33+05:30,2026-09-14T18:10+05:30,2026-09-14T19:35+05:30,85,85,178.0,Amritsar Jn,New Delhi,Monday
12498,Shan-e-Punjab Express,2026-09-14,RPJ,Rajpura Jn,2026-09-14T18:35+05:30,2026-09-14T20:01+05:30,2026-09-14T18:37+05:30,2026-09-14T20:04+05:30,86,87,222.0,Amritsar Jn,New Delhi,Monday
12498,Shan-e-Punjab Express,2026-09-14,UMB,Ambala Cant Jn,2026-09-14T19:15+05:30,2026-09-14T20:28+05:30,2026-09-14T19:25+05:30,2026-09-14T20:38+05:30,73,73,250.0,Amritsar Jn,New Delhi,Monday
12498,Shan-e-Punjab Express,2026-09-14,KKDE,Kurukshetra Jn,2026-09-14T19:55+05:30,2026-09-14T21:26+05:30,2026-09-14T19:57+05:30,2026-09-14T21:39+05:30,91,102,291.0,Amritsar Jn,New Delhi,Monday
12498,Shan-e-Punjab Express,2026-09-14,KUN,Karnal,2026-09-14T20:20+05:30,2026-09-14T22:00+05:30,2026-09-14T20:22+05:30,2026-09-14T22:04+05:30,100,102,324.0,Amritsar Jn,New Delhi,Monday
12498,Shan-e-Punjab Express,2026-09-14,PNP,Panipat Jn,2026-09-14T20:44+05:30,2026-09-14T22:40+05:30,2026-09-14T20:46+05:30,2026-09-14T22:44+05:30,116,118,359.0,Amritsar Jn,New Delhi,Monday
12498,Shan-e-Punjab Express,2026-09-14,SNP,Sonipat,2026-09-14T21:14+05:30,2026-09-14T23:37+05:30,2026-09-14T21:16+05:30,2026-09-14T23:41+05:30,143,145,404.0,Amritsar Jn,New Delhi,Monday
12498,Shan-e-Punjab Express,2026-09-14,SZM,Subzi Mandi,2026-09-14T21:48+05:30,2026-09-15T00:08+05:30,2026-09-14T21:50+05:30,2026-09-15T00:13+05:30,140,143,444.0,Amritsar Jn,New Delhi,Monday
12498,Shan-e-Punjab Express,2026-09-14,NDLS,New Delhi,2026-09-14T22:30+05:30,2026-09-15T00:27+05:30,,,117,,448.0,Amritsar Jn,New Delhi,Monday
12498,Shan-e-Punjab Express,2026-09-15,ASR,Amritsar Jn,,,2026-09-15T15:10+05:30,2026-09-15T15:24+05:30,,14,0.0,Amritsar Jn,New Delhi,Tuesday
12498,Shan-e-Punjab Express,2026-09-15,BEAS,Beas,2026-09-15T15:38+05:30,2026-09-15T15:51+05:30,2026-09-15T15:40+05:30,2026-09-15T15:53+05:30,13,13,43.0,Amritsar Jn,New Delhi,Tuesday
12498,Shan-e-Punjab Express,2026-09-15,JUC,Jalandhar City,2026-09-15T16:13+05:30,2026-09-15T16:23+05:30,2026-09-15T16:18+05:30,2026-09-15T16:28+05:30,10,10,79.0,Amritsar Jn,New Delhi,Tuesday
12498,Shan-e-Punjab Express,2026-09-15,PGW,Phagwara Jn,2026-09-15T16:36+05:30,2026-09-15T16:46+05:30,2026-09-15T16:38+05:30,2026-09-15T16:49+05:30,10,11,100.0,Amritsar Jn,New Delhi,Tuesday
12498,Shan-e-Punjab Express,2026-09-15,DDL,Dhandari Kalan,2026-09-15T17:35+05:30,2026-09-15T17:27+05:30,2026-09-15T17:40+05:30,2026-09-15T17:41+05:30,-8,1,143.0,Amritsar Jn,New Delhi,Tuesday
12498,Shan-e-Punjab Express,2026-09-15,KNN,Khanna,2026-09-15T18:08+05:30,2026-09-15T18:03+05:30,2026-09-15T18:10+05:30,2026-09-15T18:12+05:30,-5,2,178.0,Amritsar Jn,New Delhi,Tuesday
12498,Shan-e-Punjab Express,2026-09-15,RPJ,Rajpura Jn,2026-09-15T18:35+05:30,2026-09-15T18:40+05:30,2026-09-15T18:37+05:30,2026-09-15T18:42+05:30,5,5,222.0,Amritsar Jn,New Delhi,Tuesday
12498,Shan-e-Punjab Express,2026-09-15,UMB,Ambala Cant Jn,2026-09-15T19:15+05:30,2026-09-15T19:13+05:30,2026-09-15T19:25+05:30,2026-09-15T19:27+05:30,-2,2,250.0,Amritsar Jn,New Delhi,Tuesday
12498,Shan-e-Punjab Express,2026-09-15,KKDE,Kurukshetra Jn,2026-09-15T19:55+05:30,2026-09-15T19:59+05:30,2026-09-15T19:57+05:30,2026-09-15T20:02+05:30,4,5,291.0,Amritsar Jn,New Delhi,Tuesday
12498,Shan-e-Punjab Express,2026-09-15,KUN,Karnal,2026-09-15T20:20+05:30,2026-09-15T20:24+05:30,2026-09-15T20:22+05:30,2026-09-15T20:27+05:30,4,5,324.0,Amritsar Jn,New Delhi,Tuesday
12498,Shan-e-Punjab Express,2026-09-15,PNP,Panipat Jn,2026-09-15T20:44+05:30,2026-09-15T20:53+05:30,2026-09-15T20:46+05:30,2026-09-15T20:55+05:30,9,9,359.0,Amritsar Jn,New Delhi,Tuesday
12498,Shan-e-Punjab Express,2026-09-15,SNP,Sonipat,2026-09-15T21:14+05:30,2026-09-15T21:30+05:30,2026-09-15T21:16+05:30,2026-09-15T21:34+05:30,16,18,404.0,Amritsar Jn,New Delhi,Tuesday
12498,Shan-e-Punjab Express,2026-09-15,SZM,Subzi Mandi,2026-09-15T21:48+05:30,2026-09-15T22:04+05:30,2026-09-15T21:50+05:30,2026-09-15T22:09+05:30,16,19,444.0,Amritsar Jn,New Delhi,Tuesday
12498,Shan-e-Punjab Express,2026-09-15,NDLS,New Delhi,2026-09-15T22:30+05:30,2026-09-15T22:31+05:30,,,1,,448.0,Amritsar Jn,New Delhi,Tuesday
12498,Shan-e-Punjab Express,2026-09-16,ASR,Amritsar Jn,,,2026-09-16T15:10+05:30,2026-09-16T15:33+05:30,,23,0.0,Amritsar Jn,New Delhi,Wednesday
12498,Shan-e-Punjab Express,2026-09-16,BEAS,Beas,2026-09-16T15:38+05:30,2026-09-16T16:05+05:30,2026-09-16T15:40+05:30,2026-09-16T16:07+05:30,27,27,43.0,Amritsar Jn,New Delhi,Wednesday
12498,Shan-e-Punjab Express,2026-09-16,JUC,Jalandhar City,2026-09-16T16:13+05:30,2026-09-16T16:37+05:30,2026-09-16T16:18+05:30,2026-09-16T16:42+05:30,24,24,79.0,Amritsar Jn,New Delhi,Wednesday
12498,Shan-e-Punjab Express,2026-09-16,PGW,Phagwara Jn,2026-09-16T16:36+05:30,2026-09-16T17:02+05:30,2026-09-16T16:38+05:30,2026-09-16T17:05+05:30,26,27,100.0,Amritsar Jn,New Delhi,Wednesday
12498,Shan-e-Punjab Express,2026-09-16,DDL,Dhandari Kalan,2026-09-16T17:35+05:30,2026-09-16T17:48+05:30,2026-09-16T17:40+05:30,2026-09-16T17:53+05:30,13,13,143.0,Amritsar Jn,New Delhi,Wednesday
12498,Shan-e-Punjab Express,2026-09-16,KNN,Khanna,2026-09-16T18:08+05:30,2026-09-16T18:13+05:30,2026-09-16T18:10+05:30,2026-09-16T18:16+05:30,5,6,178.0,Amritsar Jn,New Delhi,Wednesday
12498,Shan-e-Punjab Express,2026-09-16,RPJ,Rajpura Jn,2026-09-16T18:35+05:30,2026-09-16T18:41+05:30,2026-09-16T18:37+05:30,2026-09-16T18:43+05:30,6,6,222.0,Amritsar Jn,New Delhi,Wednesday
12498,Shan-e-Punjab Express,2026-09-16,UMB,Ambala Cant Jn,2026-09-16T19:15+05:30,2026-09-16T19:37+05:30,2026-09-16T19:25+05:30,2026-09-16T19:47+05:30,22,22,250.0,Amritsar Jn,New Delhi,Wednesday
12498,Shan-e-Punjab Express,2026-09-16,KKDE,Kurukshetra Jn,2026-09-16T19:55+05:30,2026-09-16T20:14+05:30,2026-09-16T19:57+05:30,2026-09-16T20:18+05:30,19,21,291.0,Amritsar Jn,New Delhi,Wednesday
12498,Shan-e-Punjab Express,2026-09-16,KUN,Karnal,2026-09-16T20:20+05:30,2026-09-16T20:39+05:30,2026-09-16T20:22+05:30,2026-09-16T20:41+05:30,19,19,324.0,Amritsar Jn,New Delhi,Wednesday
12498,Shan-e-Punjab Express,2026-09-16,PNP,Panipat Jn,2026-09-16T20:44+05:30,2026-09-16T21:07+05:30,2026-09-16T20:46+05:30,2026-09-16T21:09+05:30,23,23,359.0,Amritsar Jn,New Delhi,Wednesday
12498,Shan-e-Punjab Express,2026-09-16,SNP,Sonipat,2026-09-16T21:14+05:30,2026-09-16T21:47+05:30,2026-09-16T21:16+05:30,2026-09-16T21:51+05:30,33,35,404.0,Amritsar Jn,New Delhi,Wednesday
12498,Shan-e-Punjab Express,2026-09-16,SZM,Subzi Mandi,2026-09-16T21:48+05:30,2026-09-16T22:17+05:30,2026-09-16T21:50+05:30,2026-09-16T22:21+05:30,29,31,444.0,Amritsar Jn,New Delhi,Wednesday
12498,Shan-e-Punjab Express,2026-09-16,NDLS,New Delhi,2026-09-16T22:30+05:30,2026-09-16T22:36+05:30,,,6,,448.0,Amritsar Jn,New Delhi,Wednesday
12498,Shan-e-Punjab Express,2026-09-17,ASR,Amritsar Jn,,,2026-09-17T15:10+05:30,2026-09-17T15:23+05:30,,13,0.0,Amritsar Jn,New Delhi,Thursday
12498,Shan-e-Punjab Express,2026-09-17,BEAS,Beas,2026-09-17T15:38+05:30,2026-09-17T15:51+05:30,2026-09-17T15:40+05:30,2026-09-17T15:53+05:30,13,13,43.0,Amritsar Jn,New Delhi,Thursday
12498,Shan-e-Punjab Express,2026-09-17,JUC,Jalandhar City,2026-09-17T16:13+05:30,2026-09-17T16:26+05:30,2026-09-17T16:18+05:30,2026-09-17T16:31+05:30,13,13,79.0,Amritsar Jn,New Delhi,Thursday
12498,Shan-e-Punjab Express,2026-09-17,PGW,Phagwara Jn,2026-09-17T16:36+05:30,2026-09-17T16:49+05:30,2026-09-17T16:38+05:30,2026-09-17T16:51+05:30,13,13,100.0,Amritsar Jn,New Delhi,Thursday
12498,Shan-e-Punjab Express,2026-09-17,DDL,Dhandari Kalan,2026-09-17T17:35+05:30,2026-09-17T17:38+05:30,2026-09-17T17:40+05:30,2026-09-17T17:44+05:30,3,4,143.0,Amritsar Jn,New Delhi,Thursday
12498,Shan-e-Punjab Express,2026-09-17,KNN,Khanna,2026-09-17T18:08+05:30,2026-09-17T18:06+05:30,2026-09-17T18:10+05:30,2026-09-17T18:11+05:30,-2,1,178.0,Amritsar Jn,New Delhi,Thursday
12498,Shan-e-Punjab Express,2026-09-17,RPJ,Rajpura Jn,2026-09-17T18:35+05:30,2026-09-17T18:46+05:30,2026-09-17T18:37+05:30,2026-09-17T18:48+05:30,11,11,222.0,Amritsar Jn,New Delhi,Thursday
12498,Shan-e-Punjab Express,2026-09-17,UMB,Ambala Cant Jn,2026-09-17T19:15+05:30,2026-09-17T19:14+05:30,2026-09-17T19:25+05:30,2026-09-17T19:25+05:30,-1,0,250.0,Amritsar Jn,New Delhi,Thursday
12498,Shan-e-Punjab Express,2026-09-17,KKDE,Kurukshetra Jn,2026-09-17T19:55+05:30,2026-09-17T20:04+05:30,2026-09-17T19:57+05:30,2026-09-17T20:07+05:30,9,10,291.0,Amritsar Jn,New Delhi,Thursday
12498,Shan-e-Punjab Express,2026-09-17,KUN,Karnal,2026-09-17T20:20+05:30,2026-09-17T20:32+05:30,2026-09-17T20:22+05:30,2026-09-17T20:34+05:30,12,12,324.0,Amritsar Jn,New Delhi,Thursday
12498,Shan-e-Punjab Express,2026-09-17,PNP,Panipat Jn,2026-09-17T20:44+05:30,2026-09-17T21:05+05:30,2026-09-17T20:46+05:30,2026-09-17T21:08+05:30,21,22,359.0,Amritsar Jn,New Delhi,Thursday
12498,Shan-e-Punjab Express,2026-09-17,SNP,Sonipat,2026-09-17T21:14+05:30,2026-09-17T21:47+05:30,2026-09-17T21:16+05:30,2026-09-17T21:49+05:30,33,33,404.0,Amritsar Jn,New Delhi,Thursday
12498,Shan-e-Punjab Express,2026-09-17,SZM,Subzi Mandi,2026-09-17T21:48+05:30,2026-09-17T22:20+05:30,2026-09-17T21:50+05:30,2026-09-17T22:23+05:30,32,33,444.0,Amritsar Jn,New Delhi,Thursday
12498,Shan-e-Punjab Express,2026-09-17,NDLS,New Delhi,2026-09-17T22:30+05:30,2026-09-17T22:43+05:30,,,13,,448.0,Amritsar Jn,New Delhi,Thursday
12925,Paschim Express,2026-09-11,BDTS,Bandra Terminus,,,2026-09-11T11:30+05:30,2026-09-11T11:34+05:30,,4,0.0,Bandra Terminus,Amritsar Jn,Friday
12925,Paschim Express,2026-09-11,BVI,Borivali,2026-09-11T11:53+05:30,2026-09-11T12:09+05:30,2026-09-11T11:55+05:30,2026-09-11T12:13+05:30,16,18,19.0,Bandra Terminus,Amritsar Jn,Friday
12925,Paschim Express,2026-09-11,DRD,Dahanu Road,2026-09-11T13:08+05:30,2026-09-11T13:29+05:30,2026-09-11T13:10+05:30,2026-09-11T13:31+05:30,21,21,109.0,Bandra Terminus,Amritsar Jn,Friday
12925,Paschim Express,2026-09-11,VAPI,Vapi,2026-09-11T13:38+05:30,2026-09-11T14:00+05:30,2026-09-11T13:40+05:30,2026-09-11T14:03+05:30,22,23,159.0,Bandra Terminus,Amritsar Jn,Friday
12925,Paschim Express,2026-09-11,BL,Valsad,2026-09-11T14:02+05:30,2026-09-11T14:26+05:30,2026-09-11T14:05+05:30,2026-09-11T14:35+05:30,24,30,183.0,Bandra Terminus,Amritsar Jn,Friday
12925,Paschim Express,2026-09-11,NVS,Navsari,2026-09-11T14:43+05:30,2026-09-11T15:02+05:30,2026-09-11T14:45+05:30,2026-09-11T15:09+05:30,19,24,223.0,Bandra Terminus,Amritsar Jn,Friday
12925,Paschim Express,2026-09-11,ST,Surat,2026-09-11T15:47+05:30,2026-09-11T16:00+05:30,2026-09-11T15:52+05:30,2026-09-11T16:06+05:30,13,14,252.0,Bandra Terminus,Amritsar Jn,Friday
12925,Paschim Express,2026-09-11,BH,Bharuch Jn,2026-09-11T16:38+05:30,2026-09-11T16:55+05:30,2026-09-11T16:40+05:30,2026-09-11T16:58+05:30,17,18,311.0,Bandra Terminus,Amritsar Jn,Friday
12925,Paschim Express,2026-09-11,BRC,Vadodara Jn,2026-09-11T17:40+05:30,2026-09-11T17:49+05:30,2026-09-11T17:50+05:30,2026-09-11T17:59+05:30,9,9,381.0,Bandra Terminus,Amritsar Jn,Friday
12925,Paschim Express,2026-09-11,GDA,Godhra Jn,2026-09-11T19:03+05:30,2026-09-11T18:58+05:30,2026-09-11T19:05+05:30,2026-09-11T19:05+05:30,-5,0,455.0,Bandra Terminus,Amritsar Jn,Friday
12925,Paschim Express,2026-09-11,DHD,Dahod,2026-09-11T19:55+05:30,2026-09-11T20:15+05:30,2026-09-11T19:57+05:30,2026-09-11T20:19+05:30,20,22,529.0,Bandra Terminus,Amritsar Jn,Friday
12925,Paschim Express,2026-09-11,MGN,Meghnagar,2026-09-11T20:22+05:30,2026-09-11T20:42+05:30,2026-09-11T20:24+05:30,2026-09-11T20:45+05:30,20,21,562.0,Bandra Terminus,Amritsar Jn,Friday
12925,Paschim Express,2026-09-11,RTM,Ratlam Jn,2026-09-11T21:40+05:30,2026-09-11T21:55+05:30,2026-09-11T21:45+05:30,2026-09-11T22:04+05:30,15,19,642.0,Bandra Terminus,Amritsar Jn,Friday
12925,Paschim Express,2026-09-11,KUH,Khachrod,2026-09-11T22:14+05:30,2026-09-11T22:28+05:30,2026-09-11T22:16+05:30,2026-09-11T22:31+05:30,14,15,670.0,Bandra Terminus,Amritsar Jn,Friday
12925,Paschim Express,2026-09-11,NAD,Nagda Jn,2026-09-11T22:55+05:30,2026-09-11T22:51+05:30,2026-09-11T23:00+05:30,2026-09-11T23:01+05:30,-4,1,684.0,Bandra Terminus,Amritsar Jn,Friday
12925,Paschim Express,2026-09-11,SGZ,Shamgarh,2026-09-11T23:53+05:30,2026-09-12T00:12+05:30,2026-09-11T23:55+05:30,2026-09-12T00:14+05:30,19,19,775.0,Bandra Terminus,Amritsar Jn,Friday
12925,Paschim Express,2026-09-11,RMA,Ramganj Mandi,2026-09-12T00:33+05:30,2026-09-12T00:51+05:30,2026-09-12T00:35+05:30,2026-09-12T00:53+05:30,18,18,836.0,Bandra Terminus,Amritsar Jn,Friday
12925,Paschim Express,2026-09-11,KOTA,Kota Jn,2026-09-12T01:40+05:30,2026-09-12T01:39+05:30,2026-09-12T01:50+05:30,2026-09-12T01:51+05:30,-1,1,909.0,Bandra Terminus,Amritsar Jn,Friday
12925,Paschim Express,2026-09-11,SWM,Sawai Madhopur,2026-09-12T03:03+05:30,2026-09-12T03:08+05:30,2026-09-12T03:05+05:30,2026-09-12T03:10+05:30,5,5,1017.0,Bandra Terminus,Amritsar Jn,Friday
12925,Paschim Express,2026-09-11,GGC,Gangapur City,2026-09-12T04:10+05:30,2026-09-12T04:02+05:30,2026-09-12T04:15+05:30,2026-09-12T04:19+05:30,-8,4,1080.0,Bandra Terminus,Amritsar Jn,Friday
12925,Paschim Express,2026-09-11,HAN,Hindaun City,2026-09-12T04:48+05:30,2026-09-12T04:51+05:30,2026-09-12T04:50+05:30,2026-09-12T04:53+05:30,3,3,1124.0,Bandra Terminus,Amritsar Jn,Friday
12925,Paschim Express,2026-09-11,BXN,Bayana Jn,2026-09-12T05:18+05:30,2026-09-12T05:26+05:30,2026-09-12T05:20+05:30,2026-09-12T05:31+05:30,8,11,1157.0,Bandra Terminus,Amritsar Jn,Friday
12925,Paschim Express,2026-09-11,BTE,Bharatpur Jn,2026-09-12T06:08+05:30,2026-09-12T05:57+05:30,2026-09-12T06:10+05:30,2026-09-12T06:20+05:30,-11,10,1199.0,Bandra Terminus,Amritsar Jn,Friday
12925,Paschim Express,2026-09-11,MTJ,Mathura Jn,2026-09-12T07:30+05:30,2026-09-12T07:24+05:30,2026-09-12T07:35+05:30,2026-09-12T07:35+05:30,-6,0,1233.0,Bandra Terminus,Amritsar Jn,Friday
12925,Paschim Express,2026-09-11,FDB,Faridabad,2026-09-12T09:22+05:30,2026-09-12T09:34+05:30,2026-09-12T09:24+05:30,2026-09-12T09:38+05:30,12,14,1345.0,Bandra Terminus,Amritsar Jn,Friday
12925,Paschim Express,2026-09-11,NZM,H Nizamuddin,2026-09-12T09:54+05:30,2026-09-12T10:11+05:30,2026-09-12T09:56+05:30,2026-09-12T10:16+05:30,17,20,1366.0,Bandra Terminus,Amritsar Jn,Friday
12925,Paschim Express,2026-09-11,NDLS,New Delhi,2026-09-12T10:40+05:30,2026-09-12T10:50+05:30,2026-09-12T11:05+05:30,2026-09-12T11:19+05:30,10,14,1373.0,Bandra Terminus,Amritsar Jn,Friday
12925,Paschim Express,2026-09-11,SZM,Subzi Mandi,2026-09-12T11:19+05:30,2026-09-12T11:35+05:30,2026-09-12T11:21+05:30,2026-09-12T11:37+05:30,16,16,1377.0,Bandra Terminus,Amritsar Jn,Friday
12925,Paschim Express,2026-09-11,SNP,Sonipat,2026-09-12T11:48+05:30,2026-09-12T12:12+05:30,2026-09-12T11:50+05:30,2026-09-12T12:15+05:30,24,25,1418.0,Bandra Terminus,Amritsar Jn,Friday
12925,Paschim Express,2026-09-11,PNP,Panipat Jn,2026-09-12T12:20+05:30,2026-09-12T12:57+05:30,2026-09-12T12:22+05:30,2026-09-12T13:01+05:30,37,39,1463.0,Bandra Terminus,Amritsar Jn,Friday
12925,Paschim Express,2026-09-11,KUN,Karnal,2026-09-12T12:44+05:30,2026-09-12T13:22+05:30,2026-09-12T12:46+05:30,2026-09-12T13:27+05:30,38,41,1497.0,Bandra Terminus,Amritsar Jn,Friday
12925,Paschim Express,2026-09-11,KKDE,Kurukshetra Jn,2026-09-12T13:09+05:30,2026-09-12T13:49+05:30,2026-09-12T13:11+05:30,2026-09-12T13:54+05:30,40,43,1530.0,Bandra Terminus,Amritsar Jn,Friday
12925,Paschim Express,2026-09-11,UMB,Ambala Cant Jn,2026-09-12T14:30+05:30,2026-09-12T14:33+05:30,2026-09-12T14:40+05:30,2026-09-12T14:45+05:30,3,5,1572.0,Bandra Terminus,Amritsar Jn,Friday
12925,Paschim Express,2026-09-11,CDG,Chandigarh,2026-09-12T15:23+05:30,2026-09-12T15:32+05:30,2026-09-12T15:32+05:30,2026-09-12T15:41+05:30,9,9,1639.0,Bandra Terminus,Amritsar Jn,Friday
12925,Paschim Express,2026-09-11,SASN,Sahibzada Asngr,2026-09-12T15:42+05:30,2026-09-12T16:19+05:30,2026-09-12T15:44+05:30,2026-09-12T16:26+05:30,37,42,1650.0,Bandra Terminus,Amritsar Jn,Friday
12925,Paschim Express,2026-09-11,LDH,Ludhiana Jn,2026-09-12T17:39+05:30,2026-09-12T17:58+05:30,2026-09-12T17:47+05:30,2026-09-12T18:09+05:30,19,22,1752.0,Bandra Terminus,Amritsar Jn,Friday
12925,Paschim Express,2026-09-11,PGW,Phagwara Jn,2026-09-12T18:16+05:30,2026-09-12T18:44+05:30,2026-09-12T18:18+05:30,2026-09-12T18:46+05:30,28,28,1787.0,Bandra Terminus,Amritsar Jn,Friday
12925,Paschim Express,2026-09-11,JRC,Jalandhar Cant,2026-09-12T18:35+05:30,2026-09-12T19:01+05:30,2026-09-12T18:37+05:30,2026-09-12T19:04+05:30,26,27,1804.0,Bandra Terminus,Amritsar Jn,Friday
12925,Paschim Express,2026-09-11,JUC,Jalandhar City,2026-09-12T18:47+05:30,2026-09-12T19:12+05:30,2026-09-12T18:52+05:30,2026-09-12T19:20+05:30,25,28,1808.0,Bandra Terminus,Amritsar Jn,Friday
12925,Paschim Express,2026-09-11,BEAS,Beas,2026-09-12T19:23+05:30,2026-09-12T19:46+05:30,2026-09-12T19:25+05:30,2026-09-12T19:50+05:30,23,25,1845.0,Bandra Terminus,Amritsar Jn,Friday
12925,Paschim Express,2026-09-11,ASR,Amritsar Jn,2026-09-12T20:10+05:30,2026-09-12T20:25+05:30,,,15,,1887.0,Bandra Terminus,Amritsar Jn,Friday
12925,Paschim Express,2026-09-12,BDTS,Bandra Terminus,,,2026-09-12T11:30+05:30,2026-09-12T11:30+05:30,,0,0.0,Bandra Terminus,Amritsar Jn,Saturday
12925,Paschim Express,2026-09-12,BVI,Borivali,2026-09-12T11:53+05:30,2026-09-12T11:48+05:30,2026-09-12T11:55+05:30,2026-09-12T12:15+05:30,-5,20,19.0,Bandra Terminus,Amritsar Jn,Saturday
12925,Paschim Express,2026-09-12,DRD,Dahanu Road,2026-09-12T13:08+05:30,2026-09-12T13:20+05:30,2026-09-12T13:10+05:30,2026-09-12T13:23+05:30,12,13,109.0,Bandra Terminus,Amritsar Jn,Saturday
12925,Paschim Express,2026-09-12,VAPI,Vapi,2026-09-12T13:38+05:30,2026-09-12T14:07+05:30,2026-09-12T13:40+05:30,2026-09-12T14:09+05:30,29,29,159.0,Bandra Terminus,Amritsar Jn,Saturday
12925,Paschim Express,2026-09-12,BL,Valsad,2026-09-12T14:02+05:30,2026-09-12T14:21+05:30,2026-09-12T14:05+05:30,2026-09-12T14:24+05:30,19,19,183.0,Bandra Terminus,Amritsar Jn,Saturday
12925,Paschim Express,2026-09-12,NVS,Navsari,2026-09-12T14:43+05:30,2026-09-12T14:44+05:30,2026-09-12T14:45+05:30,2026-09-12T14:46+05:30,1,1,223.0,Bandra Terminus,Amritsar Jn,Saturday
12925,Paschim Express,2026-09-12,ST,Surat,2026-09-12T15:47+05:30,2026-09-12T15:21+05:30,2026-09-12T15:52+05:30,2026-09-12T16:04+05:30,-26,12,252.0,Bandra Terminus,Amritsar Jn,Saturday
12925,Paschim Express,2026-09-12,BH,Bharuch Jn,2026-09-12T16:38+05:30,2026-09-12T16:56+05:30,2026-09-12T16:40+05:30,2026-09-12T17:00+05:30,18,20,311.0,Bandra Terminus,Amritsar Jn,Saturday
12925,Paschim Express,2026-09-12,BRC,Vadodara Jn,2026-09-12T17:40+05:30,2026-09-12T17:49+05:30,2026-09-12T17:50+05:30,2026-09-12T17:59+05:30,9,9,381.0,Bandra Terminus,Amritsar Jn,Saturday
12925,Paschim Express,2026-09-12,GDA,Godhra Jn,2026-09-12T19:03+05:30,2026-09-12T18:51+05:30,2026-09-12T19:05+05:30,2026-09-12T19:10+05:30,-12,5,455.0,Bandra Terminus,Amritsar Jn,Saturday
12925,Paschim Express,2026-09-12,DHD,Dahod,2026-09-12T19:55+05:30,2026-09-12T20:02+05:30,2026-09-12T19:57+05:30,2026-09-12T20:08+05:30,7,11,529.0,Bandra Terminus,Amritsar Jn,Saturday
12925,Paschim Express,2026-09-12,MGN,Meghnagar,2026-09-12T20:22+05:30,2026-09-12T20:30+05:30,2026-09-12T20:24+05:30,2026-09-12T20:33+05:30,8,9,562.0,Bandra Terminus,Amritsar Jn,Saturday
12925,Paschim Express,2026-09-12,RTM,Ratlam Jn,2026-09-12T21:40+05:30,2026-09-12T21:44+05:30,2026-09-12T21:45+05:30,2026-09-12T21:57+05:30,4,12,642.0,Bandra Terminus,Amritsar Jn,Saturday
12925,Paschim Express,2026-09-12,KUH,Khachrod,2026-09-12T22:14+05:30,2026-09-12T22:19+05:30,2026-09-12T22:16+05:30,2026-09-12T22:23+05:30,5,7,670.0,Bandra Terminus,Amritsar Jn,Saturday
12925,Paschim Express,2026-09-12,NAD,Nagda Jn,2026-09-12T22:55+05:30,2026-09-12T22:45+05:30,2026-09-12T23:00+05:30,2026-09-12T23:00+05:30,-10,0,684.0,Bandra Terminus,Amritsar Jn,Saturday
12925,Paschim Express,2026-09-12,SGZ,Shamgarh,2026-09-12T23:53+05:30,2026-09-13T00:03+05:30,2026-09-12T23:55+05:30,2026-09-13T00:05+05:30,10,10,775.0,Bandra Terminus,Amritsar Jn,Saturday
12925,Paschim Express,2026-09-12,RMA,Ramganj Mandi,2026-09-13T00:33+05:30,2026-09-13T00:45+05:30,2026-09-13T00:35+05:30,2026-09-13T00:47+05:30,12,12,836.0,Bandra Terminus,Amritsar Jn,Saturday
12925,Paschim Express,2026-09-12,KOTA,Kota Jn,2026-09-13T01:40+05:30,2026-09-13T01:33+05:30,2026-09-13T01:50+05:30,2026-09-13T01:50+05:30,-7,0,909.0,Bandra Terminus,Amritsar Jn,Saturday
12925,Paschim Express,2026-09-12,SWM,Sawai Madhopur,2026-09-13T03:03+05:30,2026-09-13T03:16+05:30,2026-09-13T03:05+05:30,2026-09-13T03:18+05:30,13,13,1017.0,Bandra Terminus,Amritsar Jn,Saturday
12925,Paschim Express,2026-09-12,GGC,Gangapur City,2026-09-13T04:10+05:30,2026-09-13T04:01+05:30,2026-09-13T04:15+05:30,2026-09-13T04:18+05:30,-9,3,1080.0,Bandra Terminus,Amritsar Jn,Saturday
12925,Paschim Express,2026-09-12,HAN,Hindaun City,2026-09-13T04:48+05:30,2026-09-13T04:49+05:30,2026-09-13T04:50+05:30,2026-09-13T04:51+05:30,1,1,1124.0,Bandra Terminus,Amritsar Jn,Saturday
12925,Paschim Express,2026-09-12,BXN,Bayana Jn,2026-09-13T05:18+05:30,2026-09-13T05:23+05:30,2026-09-13T05:20+05:30,2026-09-13T05:28+05:30,5,8,1157.0,Bandra Terminus,Amritsar Jn,Saturday
12925,Paschim Express,2026-09-12,BTE,Bharatpur Jn,2026-09-13T06:08+05:30,2026-09-13T05:52+05:30,2026-09-13T06:10+05:30,2026-09-13T06:10+05:30,-16,0,1199.0,Bandra Terminus,Amritsar Jn,Saturday
12925,Paschim Express,2026-09-12,MTJ,Mathura Jn,2026-09-13T07:30+05:30,2026-09-13T06:40+05:30,2026-09-13T07:35+05:30,2026-09-13T07:35+05:30,-50,0,1233.0,Bandra Terminus,Amritsar Jn,Saturday
12925,Paschim Express,2026-09-12,FDB,Faridabad,2026-09-13T09:22+05:30,2026-09-13T09:34+05:30,2026-09-13T09:24+05:30,2026-09-13T09:38+05:30,12,14,1345.0,Bandra Terminus,Amritsar Jn,Saturday
12925,Paschim Express,2026-09-12,NZM,H Nizamuddin,2026-09-13T09:54+05:30,2026-09-13T10:22+05:30,2026-09-13T09:56+05:30,2026-09-13T11:09+05:30,28,73,1366.0,Bandra Terminus,Amritsar Jn,Saturday
12925,Paschim Express,2026-09-12,NDLS,New Delhi,2026-09-13T10:40+05:30,2026-09-13T11:40+05:30,2026-09-13T11:05+05:30,2026-09-13T12:05+05:30,60,60,1373.0,Bandra Terminus,Amritsar Jn,Saturday
12925,Paschim Express,2026-09-12,SZM,Subzi Mandi,2026-09-13T11:19+05:30,2026-09-13T12:18+05:30,2026-09-13T11:21+05:30,2026-09-13T12:22+05:30,59,61,1377.0,Bandra Terminus,Amritsar Jn,Saturday
12925,Paschim Express,2026-09-12,SNP,Sonipat,2026-09-13T11:48+05:30,2026-09-13T12:55+05:30,2026-09-13T11:50+05:30,2026-09-13T12:58+05:30,67,68,1418.0,Bandra Terminus,Amritsar Jn,Saturday
12925,Paschim Express,2026-09-12,PNP,Panipat Jn,2026-09-13T12:20+05:30,2026-09-13T13:42+05:30,2026-09-13T12:22+05:30,2026-09-13T13:46+05:30,82,84,1463.0,Bandra Terminus,Amritsar Jn,Saturday
12925,Paschim Express,2026-09-12,KUN,Karnal,2026-09-13T12:44+05:30,2026-09-13T14:09+05:30,2026-09-13T12:46+05:30,2026-09-13T14:13+05:30,85,87,1497.0,Bandra Terminus,Amritsar Jn,Saturday
12925,Paschim Express,2026-09-12,KKDE,Kurukshetra Jn,2026-09-13T13:09+05:30,2026-09-13T14:34+05:30,2026-09-13T13:11+05:30,2026-09-13T14:37+05:30,85,86,1530.0,Bandra Terminus,Amritsar Jn,Saturday
12925,Paschim Express,2026-09-12,UMB,Ambala Cant Jn,2026-09-13T14:30+05:30,2026-09-13T15:07+05:30,2026-09-13T14:40+05:30,2026-09-13T15:19+05:30,37,39,1572.0,Bandra Terminus,Amritsar Jn,Saturday
12925,Paschim Express,2026-09-12,CDG,Chandigarh,2026-09-13T15:23+05:30,2026-09-13T16:13+05:30,2026-09-13T15:32+05:30,2026-09-13T16:22+05:30,50,50,1639.0,Bandra Terminus,Amritsar Jn,Saturday
12925,Paschim Express,2026-09-12,SASN,Sahibzada Asngr,2026-09-13T15:42+05:30,2026-09-13T16:27+05:30,2026-09-13T15:44+05:30,2026-09-13T16:30+05:30,45,46,1650.0,Bandra Terminus,Amritsar Jn,Saturday
12925,Paschim Express,2026-09-12,LDH,Ludhiana Jn,2026-09-13T17:39+05:30,2026-09-13T17:51+05:30,2026-09-13T17:47+05:30,2026-09-13T18:02+05:30,12,15,1752.0,Bandra Terminus,Amritsar Jn,Saturday
12925,Paschim Express,2026-09-12,PGW,Phagwara Jn,2026-09-13T18:16+05:30,2026-09-13T18:33+05:30,2026-09-13T18:18+05:30,2026-09-13T18:36+05:30,17,18,1787.0,Bandra Terminus,Amritsar Jn,Saturday
12925,Paschim Express,2026-09-12,JRC,Jalandhar Cant,2026-09-13T18:35+05:30,2026-09-13T18:49+05:30,2026-09-13T18:37+05:30,2026-09-13T18:52+05:30,14,15,1804.0,Bandra Terminus,Amritsar Jn,Saturday
12925,Paschim Express,2026-09-12,JUC,Jalandhar City,2026-09-13T18:47+05:30,2026-09-13T18:58+05:30,2026-09-13T18:52+05:30,2026-09-13T19:03+05:30,11,11,1808.0,Bandra Terminus,Amritsar Jn,Saturday
12925,Paschim Express,2026-09-12,BEAS,Beas,2026-09-13T19:23+05:30,2026-09-13T19:30+05:30,2026-09-13T19:25+05:30,2026-09-13T19:33+05:30,7,8,1845.0,Bandra Terminus,Amritsar Jn,Saturday
12925,Paschim Express,2026-09-12,ASR,Amritsar Jn,2026-09-13T20:10+05:30,2026-09-13T20:15+05:30,,,5,,1887.0,Bandra Terminus,Amritsar Jn,Saturday
12925,Paschim Express,2026-09-13,BDTS,Bandra Terminus,,,2026-09-13T11:30+05:30,2026-09-13T11:39+05:30,,9,0.0,Bandra Terminus,Amritsar Jn,Sunday
12925,Paschim Express,2026-09-13,BVI,Borivali,2026-09-13T11:53+05:30,2026-09-13T12:05+05:30,2026-09-13T11:55+05:30,2026-09-13T12:17+05:30,12,22,19.0,Bandra Terminus,Amritsar Jn,Sunday
12925,Paschim Express,2026-09-13,DRD,Dahanu Road,2026-09-13T13:08+05:30,2026-09-13T13:29+05:30,2026-09-13T13:10+05:30,2026-09-13T13:31+05:30,21,21,109.0,Bandra Terminus,Amritsar Jn,Sunday
12925,Paschim Express,2026-09-13,VAPI,Vapi,2026-09-13T13:38+05:30,2026-09-13T14:11+05:30,2026-09-13T13:40+05:30,2026-09-13T14:18+05:30,33,38,159.0,Bandra Terminus,Amritsar Jn,Sunday
12925,Paschim Express,2026-09-13,BL,Valsad,2026-09-13T14:02+05:30,2026-09-13T14:41+05:30,2026-09-13T14:05+05:30,2026-09-13T14:44+05:30,39,39,183.0,Bandra Terminus,Amritsar Jn,Sunday
12925,Paschim Express,2026-09-13,NVS,Navsari,2026-09-13T14:43+05:30,2026-09-13T15:12+05:30,2026-09-13T14:45+05:30,2026-09-13T15:14+05:30,29,29,223.0,Bandra Terminus,Amritsar Jn,Sunday
12925,Paschim Express,2026-09-13,ST,Surat,2026-09-13T15:47+05:30,2026-09-13T15:46+05:30,2026-09-13T15:52+05:30,2026-09-13T15:52+05:30,-1,0,252.0,Bandra Terminus,Amritsar Jn,Sunday
12925,Paschim Express,2026-09-13,BH,Bharuch Jn,2026-09-13T16:38+05:30,2026-09-13T16:48+05:30,2026-09-13T16:40+05:30,2026-09-13T16:51+05:30,10,11,311.0,Bandra Terminus,Amritsar Jn,Sunday
12925,Paschim Express,2026-09-13,BRC,Vadodara Jn,2026-09-13T17:40+05:30,2026-09-13T17:37+05:30,2026-09-13T17:50+05:30,2026-09-13T17:50+05:30,-3,0,381.0,Bandra Terminus,Amritsar Jn,Sunday
12925,Paschim Express,2026-09-13,GDA,Godhra Jn,2026-09-13T19:03+05:30,2026-09-13T18:41+05:30,2026-09-13T19:05+05:30,2026-09-13T19:05+05:30,-22,0,455.0,Bandra Terminus,Amritsar Jn,Sunday
12925,Paschim Express,2026-09-13,DHD,Dahod,2026-09-13T19:55+05:30,2026-09-13T19:56+05:30,2026-09-13T19:57+05:30,2026-09-13T19:58+05:30,1,1,529.0,Bandra Terminus,Amritsar Jn,Sunday
12925,Paschim Express,2026-09-13,MGN,Meghnagar,2026-09-13T20:22+05:30,2026-09-13T20:21+05:30,2026-09-13T20:24+05:30,2026-09-13T20:24+05:30,-1,0,562.0,Bandra Terminus,Amritsar Jn,Sunday
12925,Paschim Express,2026-09-13,RTM,Ratlam Jn,2026-09-13T21:40+05:30,2026-09-13T22:04+05:30,2026-09-13T21:45+05:30,2026-09-13T22:11+05:30,24,26,642.0,Bandra Terminus,Amritsar Jn,Sunday
12925,Paschim Express,2026-09-13,KUH,Khachrod,2026-09-13T22:14+05:30,2026-09-13T22:21+05:30,2026-09-13T22:16+05:30,2026-09-13T22:23+05:30,7,7,670.0,Bandra Terminus,Amritsar Jn,Sunday
12925,Paschim Express,2026-09-13,NAD,Nagda Jn,2026-09-13T22:55+05:30,2026-09-13T23:03+05:30,2026-09-13T23:00+05:30,2026-09-13T23:08+05:30,8,8,684.0,Bandra Terminus,Amritsar Jn,Sunday
12925,Paschim Express,2026-09-13,SGZ,Shamgarh,2026-09-13T23:53+05:30,2026-09-14T00:21+05:30,2026-09-13T23:55+05:30,2026-09-14T00:28+05:30,28,33,775.0,Bandra Terminus,Amritsar Jn,Sunday
12925,Paschim Express,2026-09-13,RMA,Ramganj Mandi,2026-09-14T00:33+05:30,2026-09-14T01:11+05:30,2026-09-14T00:35+05:30,2026-09-14T01:13+05:30,38,38,836.0,Bandra Terminus,Amritsar Jn,Sunday
12925,Paschim Express,2026-09-13,KOTA,Kota Jn,2026-09-14T01:40+05:30,2026-09-14T02:02+05:30,2026-09-14T01:50+05:30,2026-09-14T02:15+05:30,22,25,909.0,Bandra Terminus,Amritsar Jn,Sunday
12925,Paschim Express,2026-09-13,SWM,Sawai Madhopur,2026-09-14T03:03+05:30,2026-09-14T03:24+05:30,2026-09-14T03:05+05:30,2026-09-14T03:27+05:30,21,22,1017.0,Bandra Terminus,Amritsar Jn,Sunday
12925,Paschim Express,2026-09-13,GGC,Gangapur City,2026-09-14T04:10+05:30,2026-09-14T04:13+05:30,2026-09-14T04:15+05:30,2026-09-14T04:21+05:30,3,6,1080.0,Bandra Terminus,Amritsar Jn,Sunday
12925,Paschim Express,2026-09-13,HAN,Hindaun City,2026-09-14T04:48+05:30,2026-09-14T04:50+05:30,2026-09-14T04:50+05:30,2026-09-14T04:52+05:30,2,2,1124.0,Bandra Terminus,Amritsar Jn,Sunday
12925,Paschim Express,2026-09-13,BXN,Bayana Jn,2026-09-14T05:18+05:30,2026-09-14T05:19+05:30,2026-09-14T05:20+05:30,2026-09-14T05:23+05:30,1,3,1157.0,Bandra Terminus,Amritsar Jn,Sunday
12925,Paschim Express,2026-09-13,BTE,Bharatpur Jn,2026-09-14T06:08+05:30,2026-09-14T05:49+05:30,2026-09-14T06:10+05:30,2026-09-14T06:33+05:30,-19,23,1199.0,Bandra Terminus,Amritsar Jn,Sunday
12925,Paschim Express,2026-09-13,MTJ,Mathura Jn,2026-09-14T07:30+05:30,2026-09-14T07:30+05:30,2026-09-14T07:35+05:30,2026-09-14T07:35+05:30,0,0,1233.0,Bandra Terminus,Amritsar Jn,Sunday
12925,Paschim Express,2026-09-13,FDB,Faridabad,2026-09-14T09:22+05:30,2026-09-14T09:45+05:30,2026-09-14T09:24+05:30,2026-09-14T09:50+05:30,23,26,1345.0,Bandra Terminus,Amritsar Jn,Sunday
12925,Paschim Express,2026-09-13,NZM,H Nizamuddin,2026-09-14T09:54+05:30,2026-09-14T10:22+05:30,2026-09-14T09:56+05:30,2026-09-14T10:27+05:30,28,31,1366.0,Bandra Terminus,Amritsar Jn,Sunday
12925,Paschim Express,2026-09-13,NDLS,New Delhi,2026-09-14T10:40+05:30,2026-09-14T10:53+05:30,2026-09-14T11:05+05:30,2026-09-14T11:18+05:30,13,13,1373.0,Bandra Terminus,Amritsar Jn,Sunday
12925,Paschim Express,2026-09-13,SZM,Subzi Mandi,2026-09-14T11:19+05:30,2026-09-14T11:37+05:30,2026-09-14T11:21+05:30,2026-09-14T11:39+05:30,18,18,1377.0,Bandra Terminus,Amritsar Jn,Sunday
12925,Paschim Express,2026-09-13,SNP,Sonipat,2026-09-14T11:48+05:30,2026-09-14T12:06+05:30,2026-09-14T11:50+05:30,2026-09-14T12:10+05:30,18,20,1418.0,Bandra Terminus,Amritsar Jn,Sunday
12925,Paschim Express,2026-09-13,PNP,Panipat Jn,2026-09-14T12:20+05:30,2026-09-14T12:50+05:30,2026-09-14T12:22+05:30,2026-09-14T12:53+05:30,30,31,1463.0,Bandra Terminus,Amritsar Jn,Sunday
12925,Paschim Express,2026-09-13,KUN,Karnal,2026-09-14T12:44+05:30,2026-09-14T13:15+05:30,2026-09-14T12:46+05:30,2026-09-14T13:33+05:30,31,47,1497.0,Bandra Terminus,Amritsar Jn,Sunday
12925,Paschim Express,2026-09-13,KKDE,Kurukshetra Jn,2026-09-14T13:09+05:30,2026-09-14T13:56+05:30,2026-09-14T13:11+05:30,2026-09-14T14:00+05:30,47,49,1530.0,Bandra Terminus,Amritsar Jn,Sunday
12925,Paschim Express,2026-09-13,UMB,Ambala Cant Jn,2026-09-14T14:30+05:30,2026-09-14T14:34+05:30,2026-09-14T14:40+05:30,2026-09-14T14:46+05:30,4,6,1572.0,Bandra Terminus,Amritsar Jn,Sunday
12925,Paschim Express,2026-09-13,CDG,Chandigarh,2026-09-14T15:23+05:30,2026-09-14T15:51+05:30,2026-09-14T15:32+05:30,2026-09-14T16:00+05:30,28,28,1639.0,Bandra Terminus,Amritsar Jn,Sunday
12925,Paschim Express,2026-09-13,SASN,Sahibzada Asngr,2026-09-14T15:42+05:30,2026-09-14T16:26+05:30,2026-09-14T15:44+05:30,2026-09-14T16:28+05:30,44,44,1650.0,Bandra Terminus,Amritsar Jn,Sunday
12925,Paschim Express,2026-09-13,LDH,Ludhiana Jn,2026-09-14T17:39+05:30,2026-09-14T18:10+05:30,2026-09-14T17:47+05:30,2026-09-14T18:18+05:30,31,31,1752.0,Bandra Terminus,Amritsar Jn,Sunday
12925,Paschim Express,2026-09-13,PGW,Phagwara Jn,2026-09-14T18:16+05:30,2026-09-14T18:52+05:30,2026-09-14T18:18+05:30,2026-09-14T19:07+05:30,36,49,1787.0,Bandra Terminus,Amritsar Jn,Sunday
12925,Paschim Express,2026-09-13,JRC,Jalandhar Cant,2026-09-14T18:35+05:30,2026-09-14T19:23+05:30,2026-09-14T18:37+05:30,2026-09-14T19:25+05:30,48,48,1804.0,Bandra Terminus,Amritsar Jn,Sunday
12925,Paschim Express,2026-09-13,JUC,Jalandhar City,2026-09-14T18:47+05:30,2026-09-14T19:33+05:30,2026-09-14T18:52+05:30,2026-09-14T19:38+05:30,46,46,1808.0,Bandra Terminus,Amritsar Jn,Sunday
12925,Paschim Express,2026-09-13,BEAS,Beas,2026-09-14T19:23+05:30,2026-09-14T20:19+05:30,2026-09-14T19:25+05:30,2026-09-14T20:23+05:30,56,58,1845.0,Bandra Terminus,Amritsar Jn,Sunday
12925,Paschim Express,2026-09-13,ASR,Amritsar Jn,2026-09-14T20:10+05:30,2026-09-14T20:57+05:30,,,47,,1887.0,Bandra Terminus,Amritsar Jn,Sunday
12925,Paschim Express,2026-09-14,BDTS,Bandra Terminus,,,2026-09-14T11:30+05:30,2026-09-14T11:30+05:30,,0,0.0,Bandra Terminus,Amritsar Jn,Monday
12925,Paschim Express,2026-09-14,BVI,Borivali,2026-09-14T11:53+05:30,2026-09-14T11:45+05:30,2026-09-14T11:55+05:30,2026-09-14T12:19+05:30,-8,24,19.0,Bandra Terminus,Amritsar Jn,Monday
12925,Paschim Express,2026-09-14,DRD,Dahanu Road,2026-09-14T13:08+05:30,2026-09-14T13:21+05:30,2026-09-14T13:10+05:30,2026-09-14T13:23+05:30,13,13,109.0,Bandra Terminus,Amritsar Jn,Monday
12925,Paschim Express,2026-09-14,VAPI,Vapi,2026-09-14T13:38+05:30,2026-09-14T13:50+05:30,2026-09-14T13:40+05:30,2026-09-14T13:52+05:30,12,12,159.0,Bandra Terminus,Amritsar Jn,Monday
12925,Paschim Express,2026-09-14,BL,Valsad,2026-09-14T14:02+05:30,2026-09-14T14:22+05:30,2026-09-14T14:05+05:30,2026-09-14T14:25+05:30,20,20,183.0,Bandra Terminus,Amritsar Jn,Monday
12925,Paschim Express,2026-09-14,NVS,Navsari,2026-09-14T14:43+05:30,2026-09-14T14:56+05:30,2026-09-14T14:45+05:30,2026-09-14T14:58+05:30,13,13,223.0,Bandra Terminus,Amritsar Jn,Monday
12925,Paschim Express,2026-09-14,ST,Surat,2026-09-14T15:47+05:30,2026-09-14T15:53+05:30,2026-09-14T15:52+05:30,2026-09-14T15:59+05:30,6,7,252.0,Bandra Terminus,Amritsar Jn,Monday
12925,Paschim Express,2026-09-14,BH,Bharuch Jn,2026-09-14T16:38+05:30,2026-09-14T17:06+05:30,2026-09-14T16:40+05:30,2026-09-14T17:08+05:30,28,28,311.0,Bandra Terminus,Amritsar Jn,Monday
12925,Paschim Express,2026-09-14,BRC,Vadodara Jn,2026-09-14T17:40+05:30,2026-09-14T17:53+05:30,2026-09-14T17:50+05:30,2026-09-14T18:03+05:30,13,13,381.0,Bandra Terminus,Amritsar Jn,Monday
12925,Paschim Express,2026-09-14,GDA,Godhra Jn,2026-09-14T19:03+05:30,2026-09-14T18:56+05:30,2026-09-14T19:05+05:30,2026-09-14T19:08+05:30,-7,3,455.0,Bandra Terminus,Amritsar Jn,Monday
12925,Paschim Express,2026-09-14,DHD,Dahod,2026-09-14T19:55+05:30,2026-09-14T19:58+05:30,2026-09-14T19:57+05:30,2026-09-14T20:01+05:30,3,4,529.0,Bandra Terminus,Amritsar Jn,Monday
12925,Paschim Express,2026-09-14,MGN,Meghnagar,2026-09-14T20:22+05:30,2026-09-14T20:24+05:30,2026-09-14T20:24+05:30,2026-09-14T20:27+05:30,2,3,562.0,Bandra Terminus,Amritsar Jn,Monday
12925,Paschim Express,2026-09-14,RTM,Ratlam Jn,2026-09-14T21:40+05:30,2026-09-14T21:29+05:30,2026-09-14T21:45+05:30,2026-09-14T21:51+05:30,-11,6,642.0,Bandra Terminus,Amritsar Jn,Monday
12925,Paschim Express,2026-09-14,KUH,Khachrod,2026-09-14T22:14+05:30,2026-09-14T22:13+05:30,2026-09-14T22:16+05:30,2026-09-14T22:16+05:30,-1,0,670.0,Bandra Terminus,Amritsar Jn,Monday
12925,Paschim Express,2026-09-14,NAD,Nagda Jn,2026-09-14T22:55+05:30,2026-09-14T22:34+05:30,2026-09-14T23:00+05:30,2026-09-14T23:04+05:30,-21,4,684.0,Bandra Terminus,Amritsar Jn,Monday
12925,Paschim Express,2026-09-14,SGZ,Shamgarh,2026-09-14T23:53+05:30,2026-09-15T00:09+05:30,2026-09-14T23:55+05:30,2026-09-15T00:11+05:30,16,16,775.0,Bandra Terminus,Amritsar Jn,Monday
12925,Paschim Express,2026-09-14,RMA,Ramganj Mandi,2026-09-15T00:33+05:30,2026-09-15T00:44+05:30,2026-09-15T00:35+05:30,2026-09-15T00:46+05:30,11,11,836.0,Bandra Terminus,Amritsar Jn,Monday
12925,Paschim Express,2026-09-14,KOTA,Kota Jn,2026-09-15T01:40+05:30,2026-09-15T02:04+05:30,2026-09-15T01:50+05:30,2026-09-15T02:14+05:30,24,24,909.0,Bandra Terminus,Amritsar Jn,Monday
12925,Paschim Express,2026-09-14,SWM,Sawai Madhopur,2026-09-15T03:03+05:30,2026-09-15T03:25+05:30,2026-09-15T03:05+05:30,2026-09-15T03:30+05:30,22,25,1017.0,Bandra Terminus,Amritsar Jn,Monday
12925,Paschim Express,2026-09-14,GGC,Gangapur City,2026-09-15T04:10+05:30,2026-09-15T04:12+05:30,2026-09-15T04:15+05:30,2026-09-15T04:19+05:30,2,4,1080.0,Bandra Terminus,Amritsar Jn,Monday
12925,Paschim Express,2026-09-14,HAN,Hindaun City,2026-09-15T04:48+05:30,2026-09-15T04:58+05:30,2026-09-15T04:50+05:30,2026-09-15T05:00+05:30,10,10,1124.0,Bandra Terminus,Amritsar Jn,Monday
12925,Paschim Express,2026-09-14,BXN,Bayana Jn,2026-09-15T05:18+05:30,2026-09-15T05:32+05:30,2026-09-15T05:20+05:30,2026-09-15T05:35+05:30,14,15,1157.0,Bandra Terminus,Amritsar Jn,Monday
12925,Paschim Express,2026-09-14,BTE,Bharatpur Jn,2026-09-15T06:08+05:30,2026-09-15T06:01+05:30,2026-09-15T06:10+05:30,2026-09-15T06:26+05:30,-7,16,1199.0,Bandra Terminus,Amritsar Jn,Monday
12925,Paschim Express,2026-09-14,MTJ,Mathura Jn,2026-09-15T07:30+05:30,2026-09-15T07:19+05:30,2026-09-15T07:35+05:30,2026-09-15T07:35+05:30,-11,0,1233.0,Bandra Terminus,Amritsar Jn,Monday
12925,Paschim Express,2026-09-14,FDB,Faridabad,2026-09-15T09:22+05:30,2026-09-15T09:42+05:30,2026-09-15T09:24+05:30,2026-09-15T09:49+05:30,20,25,1345.0,Bandra Terminus,Amritsar Jn,Monday
12925,Paschim Express,2026-09-14,NZM,H Nizamuddin,2026-09-15T09:54+05:30,2026-09-15T10:22+05:30,2026-09-15T09:56+05:30,2026-09-15T10:24+05:30,28,28,1366.0,Bandra Terminus,Amritsar Jn,Monday
12925,Paschim Express,2026-09-14,NDLS,New Delhi,2026-09-15T10:40+05:30,2026-09-15T10:41+05:30,2026-09-15T11:05+05:30,2026-09-15T11:10+05:30,1,5,1373.0,Bandra Terminus,Amritsar Jn,Monday
12925,Paschim Express,2026-09-14,SZM,Subzi Mandi,2026-09-15T11:19+05:30,2026-09-15T11:25+05:30,2026-09-15T11:21+05:30,2026-09-15T11:27+05:30,6,6,1377.0,Bandra Terminus,Amritsar Jn,Monday
12925,Paschim Express,2026-09-14,SNP,Sonipat,2026-09-15T11:48+05:30,2026-09-15T12:02+05:30,2026-09-15T11:50+05:30,2026-09-15T12:04+05:30,14,14,1418.0,Bandra Terminus,Amritsar Jn,Monday
12925,Paschim Express,2026-09-14,PNP,Panipat Jn,2026-09-15T12:20+05:30,2026-09-15T12:46+05:30,2026-09-15T12:22+05:30,2026-09-15T12:48+05:30,26,26,1463.0,Bandra Terminus,Amritsar Jn,Monday
12925,Paschim Express,2026-09-14,KUN,Karnal,2026-09-15T12:44+05:30,2026-09-15T13:09+05:30,2026-09-15T12:46+05:30,2026-09-15T13:11+05:30,25,25,1497.0,Bandra Terminus,Amritsar Jn,Monday
12925,Paschim Express,2026-09-14,KKDE,Kurukshetra Jn,2026-09-15T13:09+05:30,2026-09-15T13:33+05:30,2026-09-15T13:11+05:30,2026-09-15T13:40+05:30,24,29,1530.0,Bandra Terminus,Amritsar Jn,Monday
12925,Paschim Express,2026-09-14,UMB,Ambala Cant Jn,2026-09-15T14:30+05:30,2026-09-15T14:22+05:30,2026-09-15T14:40+05:30,2026-09-15T14:43+05:30,-8,3,1572.0,Bandra Terminus,Amritsar Jn,Monday
12925,Paschim Express,2026-09-14,CDG,Chandigarh,2026-09-15T15:23+05:30,2026-09-15T15:47+05:30,2026-09-15T15:32+05:30,2026-09-15T15:56+05:30,24,24,1639.0,Bandra Terminus,Amritsar Jn,Monday
12925,Paschim Express,2026-09-14,SASN,Sahibzada Asngr,2026-09-15T15:42+05:30,2026-09-15T16:08+05:30,2026-09-15T15:44+05:30,2026-09-15T16:10+05:30,26,26,1650.0,Bandra Terminus,Amritsar Jn,Monday
12925,Paschim Express,2026-09-14,LDH,Ludhiana Jn,2026-09-15T17:39+05:30,2026-09-15T17:37+05:30,2026-09-15T17:47+05:30,2026-09-15T17:54+05:30,-2,7,1752.0,Bandra Terminus,Amritsar Jn,Monday
12925,Paschim Express,2026-09-14,PGW,Phagwara Jn,2026-09-15T18:16+05:30,2026-09-15T18:26+05:30,2026-09-15T18:18+05:30,2026-09-15T18:31+05:30,10,13,1787.0,Bandra Terminus,Amritsar Jn,Monday
12925,Paschim Express,2026-09-14,JRC,Jalandhar Cant,2026-09-15T18:35+05:30,2026-09-15T18:47+05:30,2026-09-15T18:37+05:30,2026-09-15T18:49+05:30,12,12,1804.0,Bandra Terminus,Amritsar Jn,Monday
12925,Paschim Express,2026-09-14,JUC,Jalandhar City,2026-09-15T18:47+05:30,2026-09-15T18:56+05:30,2026-09-15T18:52+05:30,2026-09-15T19:01+05:30,9,9,1808.0,Bandra Terminus,Amritsar Jn,Monday
12925,Paschim Express,2026-09-14,BEAS,Beas,2026-09-15T19:23+05:30,2026-09-15T19:32+05:30,2026-09-15T19:25+05:30,2026-09-15T19:34+05:30,9,9,1845.0,Bandra Terminus,Amritsar Jn,Monday
12925,Paschim Express,2026-09-14,ASR,Amritsar Jn,2026-09-15T20:10+05:30,2026-09-15T20:16+05:30,,,6,,1887.0,Bandra Terminus,Amritsar Jn,Monday
12925,Paschim Express,2026-09-15,BDTS,Bandra Terminus,,,2026-09-15T11:30+05:30,2026-09-15T11:40+05:30,,10,0.0,Bandra Terminus,Amritsar Jn,Tuesday
12925,Paschim Express,2026-09-15,BVI,Borivali,2026-09-15T11:53+05:30,2026-09-15T12:04+05:30,2026-09-15T11:55+05:30,2026-09-15T12:16+05:30,11,21,19.0,Bandra Terminus,Amritsar Jn,Tuesday
12925,Paschim Express,2026-09-15,DRD,Dahanu Road,2026-09-15T13:08+05:30,2026-09-15T13:26+05:30,2026-09-15T13:10+05:30,2026-09-15T13:29+05:30,18,19,109.0,Bandra Terminus,Amritsar Jn,Tuesday
12925,Paschim Express,2026-09-15,VAPI,Vapi,2026-09-15T13:38+05:30,2026-09-15T13:57+05:30,2026-09-15T13:40+05:30,2026-09-15T13:59+05:30,19,19,159.0,Bandra Terminus,Amritsar Jn,Tuesday
12925,Paschim Express,2026-09-15,BL,Valsad,2026-09-15T14:02+05:30,2026-09-15T14:27+05:30,2026-09-15T14:05+05:30,2026-09-15T14:33+05:30,25,28,183.0,Bandra Terminus,Amritsar Jn,Tuesday
12925,Paschim Express,2026-09-15,NVS,Navsari,2026-09-15T14:43+05:30,2026-09-15T15:01+05:30,2026-09-15T14:45+05:30,2026-09-15T15:04+05:30,18,19,223.0,Bandra Terminus,Amritsar Jn,Tuesday
12925,Paschim Express,2026-09-15,ST,Surat,2026-09-15T15:47+05:30,2026-09-15T15:52+05:30,2026-09-15T15:52+05:30,2026-09-15T16:02+05:30,5,10,252.0,Bandra Terminus,Amritsar Jn,Tuesday
12925,Paschim Express,2026-09-15,BH,Bharuch Jn,2026-09-15T16:38+05:30,2026-09-15T17:04+05:30,2026-09-15T16:40+05:30,2026-09-15T17:06+05:30,26,26,311.0,Bandra Terminus,Amritsar Jn,Tuesday
12925,Paschim Express,2026-09-15,BRC,Vadodara Jn,2026-09-15T17:40+05:30,2026-09-15T17:48+05:30,2026-09-15T17:50+05:30,2026-09-15T17:58+05:30,8,8,381.0,Bandra Terminus,Amritsar Jn,Tuesday
12925,Paschim Express,2026-09-15,GDA,Godhra Jn,2026-09-15T19:03+05:30,2026-09-15T19:11+05:30,2026-09-15T19:05+05:30,2026-09-15T19:15+05:30,8,10,455.0,Bandra Terminus,Amritsar Jn,Tuesday
12925,Paschim Express,2026-09-15,DHD,Dahod,2026-09-15T19:55+05:30,2026-09-15T20:03+05:30,2026-09-15T19:57+05:30,2026-09-15T20:05+05:30,8,8,529.0,Bandra Terminus,Amritsar Jn,Tuesday
12925,Paschim Express,2026-09-15,MGN,Meghnagar,2026-09-15T20:22+05:30,2026-09-15T20:29+05:30,2026-09-15T20:24+05:30,2026-09-15T20:31+05:30,7,7,562.0,Bandra Terminus,Amritsar Jn,Tuesday
12925,Paschim Express,2026-09-15,RTM,Ratlam Jn,2026-09-15T21:40+05:30,2026-09-15T21:47+05:30,2026-09-15T21:45+05:30,2026-09-15T22:02+05:30,7,17,642.0,Bandra Terminus,Amritsar Jn,Tuesday
12925,Paschim Express,2026-09-15,KUH,Khachrod,2026-09-15T22:14+05:30,2026-09-15T22:24+05:30,2026-09-15T22:16+05:30,2026-09-15T22:31+05:30,10,15,670.0,Bandra Terminus,Amritsar Jn,Tuesday
12925,Paschim Express,2026-09-15,NAD,Nagda Jn,2026-09-15T22:55+05:30,2026-09-15T22:51+05:30,2026-09-15T23:00+05:30,2026-09-15T23:00+05:30,-4,0,684.0,Bandra Terminus,Amritsar Jn,Tuesday
12925,Paschim Express,2026-09-15,SGZ,Shamgarh,2026-09-15T23:53+05:30,2026-09-16T00:04+05:30,2026-09-15T23:55+05:30,2026-09-16T00:06+05:30,11,11,775.0,Bandra Terminus,Amritsar Jn,Tuesday
12925,Paschim Express,2026-09-15,RMA,Ramganj Mandi,2026-09-16T00:33+05:30,2026-09-16T00:45+05:30,2026-09-16T00:35+05:30,2026-09-16T00:47+05:30,12,12,836.0,Bandra Terminus,Amritsar Jn,Tuesday
12925,Paschim Express,2026-09-15,KOTA,Kota Jn,2026-09-16T01:40+05:30,2026-09-16T01:46+05:30,2026-09-16T01:50+05:30,2026-09-16T01:59+05:30,6,9,909.0,Bandra Terminus,Amritsar Jn,Tuesday
12925,Paschim Express,2026-09-15,SWM,Sawai Madhopur,2026-09-16T03:03+05:30,2026-09-16T03:18+05:30,2026-09-16T03:05+05:30,2026-09-16T03:20+05:30,15,15,1017.0,Bandra Terminus,Amritsar Jn,Tuesday
12925,Paschim Express,2026-09-15,GGC,Gangapur City,2026-09-16T04:10+05:30,2026-09-16T04:22+05:30,2026-09-16T04:15+05:30,2026-09-16T04:30+05:30,12,15,1080.0,Bandra Terminus,Amritsar Jn,Tuesday
12925,Paschim Express,2026-09-15,HAN,Hindaun City,2026-09-16T04:48+05:30,2026-09-16T05:01+05:30,2026-09-16T04:50+05:30,2026-09-16T05:03+05:30,13,13,1124.0,Bandra Terminus,Amritsar Jn,Tuesday
12925,Paschim Express,2026-09-15,BXN,Bayana Jn,2026-09-16T05:18+05:30,2026-09-16T05:33+05:30,2026-09-16T05:20+05:30,2026-09-16T05:36+05:30,15,16,1157.0,Bandra Terminus,Amritsar Jn,Tuesday
12925,Paschim Express,2026-09-15,BTE,Bharatpur Jn,2026-09-16T06:08+05:30,2026-09-16T06:00+05:30,2026-09-16T06:10+05:30,2026-09-16T06:21+05:30,-8,11,1199.0,Bandra Terminus,Amritsar Jn,Tuesday
12925,Paschim Express,2026-09-15,MTJ,Mathura Jn,2026-09-16T07:30+05:30,2026-09-16T07:20+05:30,2026-09-16T07:35+05:30,2026-09-16T07:35+05:30,-10,0,1233.0,Bandra Terminus,Amritsar Jn,Tuesday
12925,Paschim Express,2026-09-15,FDB,Faridabad,2026-09-16T09:22+05:30,2026-09-16T09:41+05:30,2026-09-16T09:24+05:30,2026-09-16T09:45+05:30,19,21,1345.0,Bandra Terminus,Amritsar Jn,Tuesday
12925,Paschim Express,2026-09-15,NZM,H Nizamuddin,2026-09-16T09:54+05:30,2026-09-16T10:14+05:30,2026-09-16T09:56+05:30,2026-09-16T10:19+05:30,20,23,1366.0,Bandra Terminus,Amritsar Jn,Tuesday
12925,Paschim Express,2026-09-15,NDLS,New Delhi,2026-09-16T10:40+05:30,2026-09-16T10:40+05:30,2026-09-16T11:05+05:30,2026-09-16T11:06+05:30,0,1,1373.0,Bandra Terminus,Amritsar Jn,Tuesday
12925,Paschim Express,2026-09-15,SZM,Subzi Mandi,2026-09-16T11:19+05:30,2026-09-16T11:21+05:30,2026-09-16T11:21+05:30,2026-09-16T11:23+05:30,2,2,1377.0,Bandra Terminus,Amritsar Jn,Tuesday
12925,Paschim Express,2026-09-15,SNP,Sonipat,2026-09-16T11:48+05:30,2026-09-16T11:50+05:30,2026-09-16T11:50+05:30,2026-09-16T11:54+05:30,2,4,1418.0,Bandra Terminus,Amritsar Jn,Tuesday
12925,Paschim Express,2026-09-15,PNP,Panipat Jn,2026-09-16T12:20+05:30,2026-09-16T12:39+05:30,2026-09-16T12:22+05:30,2026-09-16T12:42+05:30,19,20,1463.0,Bandra Terminus,Amritsar Jn,Tuesday
12925,Paschim Express,2026-09-15,KUN,Karnal,2026-09-16T12:44+05:30,2026-09-16T13:02+05:30,2026-09-16T12:46+05:30,2026-09-16T13:04+05:30,18,18,1497.0,Bandra Terminus,Amritsar Jn,Tuesday
12925,Paschim Express,2026-09-15,KKDE,Kurukshetra Jn,2026-09-16T13:09+05:30,2026-09-16T13:26+05:30,2026-09-16T13:11+05:30,2026-09-16T13:28+05:30,17,17,1530.0,Bandra Terminus,Amritsar Jn,Tuesday
12925,Paschim Express,2026-09-15,UMB,Ambala Cant Jn,2026-09-16T14:30+05:30,2026-09-16T14:00+05:30,2026-09-16T14:40+05:30,2026-09-16T14:41+05:30,-30,1,1572.0,Bandra Terminus,Amritsar Jn,Tuesday
12925,Paschim Express,2026-09-15,CDG,Chandigarh,2026-09-16T15:23+05:30,2026-09-16T15:23+05:30,2026-09-16T15:32+05:30,2026-09-16T15:32+05:30,0,0,1639.0,Bandra Terminus,Amritsar Jn,Tuesday
12925,Paschim Express,2026-09-15,SASN,Sahibzada Asngr,2026-09-16T15:42+05:30,2026-09-16T16:06+05:30,2026-09-16T15:44+05:30,2026-09-16T16:10+05:30,24,26,1650.0,Bandra Terminus,Amritsar Jn,Tuesday
12925,Paschim Express,2026-09-15,LDH,Ludhiana Jn,2026-09-16T17:39+05:30,2026-09-16T17:39+05:30,2026-09-16T17:47+05:30,2026-09-16T17:53+05:30,0,6,1752.0,Bandra Terminus,Amritsar Jn,Tuesday
12925,Paschim Express,2026-09-15,PGW,Phagwara Jn,2026-09-16T18:16+05:30,2026-09-16T18:24+05:30,2026-09-16T18:18+05:30,2026-09-16T18:26+05:30,8,8,1787.0,Bandra Terminus,Amritsar Jn,Tuesday
12925,Paschim Express,2026-09-15,JRC,Jalandhar Cant,2026-09-16T18:35+05:30,2026-09-16T18:40+05:30,2026-09-16T18:37+05:30,2026-09-16T18:42+05:30,5,5,1804.0,Bandra Terminus,Amritsar Jn,Tuesday
12925,Paschim Express,2026-09-15,JUC,Jalandhar City,2026-09-16T18:47+05:30,2026-09-16T18:50+05:30,2026-09-16T18:52+05:30,2026-09-16T18:59+05:30,3,7,1808.0,Bandra Terminus,Amritsar Jn,Tuesday
12925,Paschim Express,2026-09-15,BEAS,Beas,2026-09-16T19:23+05:30,2026-09-16T19:26+05:30,2026-09-16T19:25+05:30,2026-09-16T19:32+05:30,3,7,1845.0,Bandra Terminus,Amritsar Jn,Tuesday
12925,Paschim Express,2026-09-15,ASR,Amritsar Jn,2026-09-16T20:10+05:30,2026-09-16T20:06+05:30,,,-4,,1887.0,Bandra Terminus,Amritsar Jn,Tuesday
12925,Paschim Express,2026-09-16,BDTS,Bandra Terminus,,,2026-09-16T11:30+05:30,2026-09-16T11:37+05:30,,7,0.0,Bandra Terminus,Amritsar Jn,Wednesday
12925,Paschim Express,2026-09-16,BVI,Borivali,2026-09-16T11:53+05:30,2026-09-16T12:01+05:30,2026-09-16T11:55+05:30,2026-09-16T12:06+05:30,8,11,19.0,Bandra Terminus,Amritsar Jn,Wednesday
12925,Paschim Express,2026-09-16,DRD,Dahanu Road,2026-09-16T13:08+05:30,2026-09-16T13:12+05:30,2026-09-16T13:10+05:30,2026-09-16T13:15+05:30,4,5,109.0,Bandra Terminus,Amritsar Jn,Wednesday
12925,Paschim Express,2026-09-16,VAPI,Vapi,2026-09-16T13:38+05:30,2026-09-16T13:57+05:30,2026-09-16T13:40+05:30,2026-09-16T14:02+05:30,19,22,159.0,Bandra Terminus,Amritsar Jn,Wednesday
12925,Paschim Express,2026-09-16,BL,Valsad,2026-09-16T14:02+05:30,2026-09-16T14:34+05:30,2026-09-16T14:05+05:30,2026-09-16T14:37+05:30,32,32,183.0,Bandra Terminus,Amritsar Jn,Wednesday
12925,Paschim Express,2026-09-16,NVS,Navsari,2026-09-16T14:43+05:30,2026-09-16T14:59+05:30,2026-09-16T14:45+05:30,2026-09-16T15:03+05:30,16,18,223.0,Bandra Terminus,Amritsar Jn,Wednesday
12925,Paschim Express,2026-09-16,ST,Surat,2026-09-16T15:47+05:30,2026-09-16T15:38+05:30,2026-09-16T15:52+05:30,2026-09-16T15:52+05:30,-9,0,252.0,Bandra Terminus,Amritsar Jn,Wednesday
12925,Paschim Express,2026-09-16,BH,Bharuch Jn,2026-09-16T16:38+05:30,2026-09-16T16:55+05:30,2026-09-16T16:40+05:30,2026-09-16T17:03+05:30,17,23,311.0,Bandra Terminus,Amritsar Jn,Wednesday
12925,Paschim Express,2026-09-16,BRC,Vadodara Jn,2026-09-16T17:40+05:30,2026-09-16T17:49+05:30,2026-09-16T17:50+05:30,2026-09-16T18:03+05:30,9,13,381.0,Bandra Terminus,Amritsar Jn,Wednesday
12925,Paschim Express,2026-09-16,GDA,Godhra Jn,2026-09-16T19:03+05:30,2026-09-16T19:07+05:30,2026-09-16T19:05+05:30,2026-09-16T19:11+05:30,4,6,455.0,Bandra Terminus,Amritsar Jn,Wednesday
12925,Paschim Express,2026-09-16,DHD,Dahod,2026-09-16T19:55+05:30,2026-09-16T20:02+05:30,2026-09-16T19:57+05:30,2026-09-16T20:05+05:30,7,8,529.0,Bandra Terminus,Amritsar Jn,Wednesday
12925,Paschim Express,2026-09-16,MGN,Meghnagar,2026-09-16T20:22+05:30,2026-09-16T20:30+05:30,2026-09-16T20:24+05:30,2026-09-16T20:34+05:30,8,10,562.0,Bandra Terminus,Amritsar Jn,Wednesday
12925,Paschim Express,2026-09-16,RTM,Ratlam Jn,2026-09-16T21:40+05:30,2026-09-16T21:44+05:30,2026-09-16T21:45+05:30,2026-09-16T21:52+05:30,4,7,642.0,Bandra Terminus,Amritsar Jn,Wednesday
12925,Paschim Express,2026-09-16,KUH,Khachrod,2026-09-16T22:14+05:30,2026-09-16T22:18+05:30,2026-09-16T22:16+05:30,2026-09-16T22:21+05:30,4,5,670.0,Bandra Terminus,Amritsar Jn,Wednesday
12925,Paschim Express,2026-09-16,NAD,Nagda Jn,2026-09-16T22:55+05:30,2026-09-16T22:39+05:30,2026-09-16T23:00+05:30,2026-09-16T23:00+05:30,-16,0,684.0,Bandra Terminus,Amritsar Jn,Wednesday
12925,Paschim Express,2026-09-16,SGZ,Shamgarh,2026-09-16T23:53+05:30,2026-09-16T23:59+05:30,2026-09-16T23:55+05:30,2026-09-17T00:01+05:30,6,6,775.0,Bandra Terminus,Amritsar Jn,Wednesday
12925,Paschim Express,2026-09-16,RMA,Ramganj Mandi,2026-09-17T00:33+05:30,2026-09-17T00:40+05:30,2026-09-17T00:35+05:30,2026-09-17T00:42+05:30,7,7,836.0,Bandra Terminus,Amritsar Jn,Wednesday
12925,Paschim Express,2026-09-16,KOTA,Kota Jn,2026-09-17T01:40+05:30,2026-09-17T01:35+05:30,2026-09-17T01:50+05:30,2026-09-17T01:50+05:30,-5,0,909.0,Bandra Terminus,Amritsar Jn,Wednesday
12925,Paschim Express,2026-09-16,SWM,Sawai Madhopur,2026-09-17T03:03+05:30,2026-09-17T03:07+05:30,2026-09-17T03:05+05:30,2026-09-17T03:09+05:30,4,4,1017.0,Bandra Terminus,Amritsar Jn,Wednesday
12925,Paschim Express,2026-09-16,GGC,Gangapur City,2026-09-17T04:10+05:30,2026-09-17T04:22+05:30,2026-09-17T04:15+05:30,2026-09-17T04:27+05:30,12,12,1080.0,Bandra Terminus,Amritsar Jn,Wednesday
12925,Paschim Express,2026-09-16,HAN,Hindaun City,2026-09-17T04:48+05:30,2026-09-17T04:57+05:30,2026-09-17T04:50+05:30,2026-09-17T05:01+05:30,9,11,1124.0,Bandra Terminus,Amritsar Jn,Wednesday
12925,Paschim Express,2026-09-16,BXN,Bayana Jn,2026-09-17T05:18+05:30,2026-09-17T05:27+05:30,2026-09-17T05:20+05:30,2026-09-17T05:31+05:30,9,11,1157.0,Bandra Terminus,Amritsar Jn,Wednesday
12925,Paschim Express,2026-09-16,BTE,Bharatpur Jn,2026-09-17T06:08+05:30,2026-09-17T06:19+05:30,2026-09-17T06:10+05:30,2026-09-17T06:21+05:30,11,11,1199.0,Bandra Terminus,Amritsar Jn,Wednesday
12925,Paschim Express,2026-09-16,MTJ,Mathura Jn,2026-09-17T07:30+05:30,2026-09-17T06:49+05:30,2026-09-17T07:35+05:30,2026-09-17T07:35+05:30,-41,0,1233.0,Bandra Terminus,Amritsar Jn,Wednesday
12925,Paschim Express,2026-09-16,FDB,Faridabad,2026-09-17T09:22+05:30,2026-09-17T09:51+05:30,2026-09-17T09:24+05:30,2026-09-17T09:55+05:30,29,31,1345.0,Bandra Terminus,Amritsar Jn,Wednesday
12925,Paschim Express,2026-09-16,NZM,H Nizamuddin,2026-09-17T09:54+05:30,2026-09-17T10:17+05:30,2026-09-17T09:56+05:30,2026-09-17T10:25+05:30,23,29,1366.0,Bandra Terminus,Amritsar Jn,Wednesday
12925,Paschim Express,2026-09-16,NDLS,New Delhi,2026-09-17T10:40+05:30,2026-09-17T11:17+05:30,2026-09-17T11:05+05:30,2026-09-17T11:46+05:30,37,41,1373.0,Bandra Terminus,Amritsar Jn,Wednesday
12925,Paschim Express,2026-09-16,SZM,Subzi Mandi,2026-09-17T11:19+05:30,2026-09-17T12:19+05:30,2026-09-17T11:21+05:30,2026-09-17T12:23+05:30,60,62,1377.0,Bandra Terminus,Amritsar Jn,Wednesday
12925,Paschim Express,2026-09-16,SNP,Sonipat,2026-09-17T11:48+05:30,2026-09-17T12:50+05:30,2026-09-17T11:50+05:30,2026-09-17T12:53+05:30,62,63,1418.0,Bandra Terminus,Amritsar Jn,Wednesday
12925,Paschim Express,2026-09-16,PNP,Panipat Jn,2026-09-17T12:20+05:30,2026-09-17T13:35+05:30,2026-09-17T12:22+05:30,2026-09-17T13:41+05:30,75,79,1463.0,Bandra Terminus,Amritsar Jn,Wednesday
12925,Paschim Express,2026-09-16,KUN,Karnal,2026-09-17T12:44+05:30,2026-09-17T14:01+05:30,2026-09-17T12:46+05:30,2026-09-17T14:03+05:30,77,77,1497.0,Bandra Terminus,Amritsar Jn,Wednesday
12925,Paschim Express,2026-09-16,KKDE,Kurukshetra Jn,2026-09-17T13:09+05:30,2026-09-17T14:25+05:30,2026-09-17T13:11+05:30,2026-09-17T14:29+05:30,76,78,1530.0,Bandra Terminus,Amritsar Jn,Wednesday
12925,Paschim Express,2026-09-16,UMB,Ambala Cant Jn,2026-09-17T14:30+05:30,2026-09-17T15:00+05:30,2026-09-17T14:40+05:30,2026-09-17T15:10+05:30,30,30,1572.0,Bandra Terminus,Amritsar Jn,Wednesday
12925,Paschim Express,2026-09-16,CDG,Chandigarh,2026-09-17T15:23+05:30,2026-09-17T15:52+05:30,2026-09-17T15:32+05:30,2026-09-17T16:03+05:30,29,31,1639.0,Bandra Terminus,Amritsar Jn,Wednesday
12925,Paschim Express,2026-09-16,SASN,Sahibzada Asngr,2026-09-17T15:42+05:30,2026-09-17T16:13+05:30,2026-09-17T15:44+05:30,2026-09-17T16:18+05:30,31,34,1650.0,Bandra Terminus,Amritsar Jn,Wednesday
12925,Paschim Express,2026-09-16,LDH,Ludhiana Jn,2026-09-17T17:39+05:30,2026-09-17T17:49+05:30,2026-09-17T17:47+05:30,2026-09-17T17:57+05:30,10,10,1752.0,Bandra Terminus,Amritsar Jn,Wednesday
12925,Paschim Express,2026-09-16,PGW,Phagwara Jn,2026-09-17T18:16+05:30,2026-09-17T18:30+05:30,2026-09-17T18:18+05:30,2026-09-17T18:35+05:30,14,17,1787.0,Bandra Terminus,Amritsar Jn,Wednesday
12925,Paschim Express,2026-09-16,JRC,Jalandhar Cant,2026-09-17T18:35+05:30,2026-09-17T18:48+05:30,2026-09-17T18:37+05:30,2026-09-17T18:50+05:30,13,13,1804.0,Bandra Terminus,Amritsar Jn,Wednesday
12925,Paschim Express,2026-09-16,JUC,Jalandhar City,2026-09-17T18:47+05:30,2026-09-17T18:58+05:30,2026-09-17T18:52+05:30,2026-09-17T19:04+05:30,11,12,1808.0,Bandra Terminus,Amritsar Jn,Wednesday
12925,Paschim Express,2026-09-16,BEAS,Beas,2026-09-17T19:23+05:30,2026-09-17T19:27+05:30,2026-09-17T19:25+05:30,2026-09-17T19:33+05:30,4,8,1845.0,Bandra Terminus,Amritsar Jn,Wednesday
12925,Paschim Express,2026-09-16,ASR,Amritsar Jn,2026-09-17T20:10+05:30,2026-09-17T20:21+05:30,,,11,,1887.0,Bandra Terminus,Amritsar Jn,Wednesday
12926,Paschim Express,2026-09-11,ASR,Amritsar Jn,,,2026-09-11T07:20+05:30,2026-09-11T07:26+05:30,,6,0.0,Amritsar Jn,Bandra Terminus,Friday
12926,Paschim Express,2026-09-11,BEAS,Beas,2026-09-11T07:48+05:30,2026-09-11T07:56+05:30,2026-09-11T07:50+05:30,2026-09-11T07:58+05:30,8,8,43.0,Amritsar Jn,Bandra Terminus,Friday
12926,Paschim Express,2026-09-11,JUC,Jalandhar City,2026-09-11T08:27+05:30,2026-09-11T08:29+05:30,2026-09-11T08:32+05:30,2026-09-11T08:34+05:30,2,2,79.0,Amritsar Jn,Bandra Terminus,Friday
12926,Paschim Express,2026-09-11,JRC,Jalandhar Cant,2026-09-11T08:40+05:30,2026-09-11T08:42+05:30,2026-09-11T08:42+05:30,2026-09-11T08:45+05:30,2,3,84.0,Amritsar Jn,Bandra Terminus,Friday
12926,Paschim Express,2026-09-11,PGW,Phagwara Jn,2026-09-11T08:54+05:30,2026-09-11T08:59+05:30,2026-09-11T08:56+05:30,2026-09-11T09:01+05:30,5,5,100.0,Amritsar Jn,Bandra Terminus,Friday
12926,Paschim Express,2026-09-11,LDH,Ludhiana Jn,2026-09-11T09:30+05:30,2026-09-11T09:28+05:30,2026-09-11T09:40+05:30,2026-09-11T09:50+05:30,-2,10,136.0,Amritsar Jn,Bandra Terminus,Friday
12926,Paschim Express,2026-09-11,SASN,Sahibzada Asngr,2026-09-11T11:41+05:30,2026-09-11T12:54+05:30,2026-09-11T11:43+05:30,2026-09-11T12:58+05:30,73,75,237.0,Amritsar Jn,Bandra Terminus,Friday
12926,Paschim Express,2026-09-11,CDG,Chandigarh,2026-09-11T12:10+05:30,2026-09-11T13:09+05:30,2026-09-11T12:20+05:30,2026-09-11T13:19+05:30,59,59,248.0,Amritsar Jn,Bandra Terminus,Friday
12926,Paschim Express,2026-09-11,UMB,Ambala Cant Jn,2026-09-11T13:00+05:30,2026-09-11T14:34+05:30,2026-09-11T13:10+05:30,2026-09-11T14:44+05:30,94,94,316.0,Amritsar Jn,Bandra Terminus,Friday
12926,Paschim Express,2026-09-11,KKDE,Kurukshetra Jn,2026-09-11T13:39+05:30,2026-09-11T15:16+05:30,2026-09-11T13:41+05:30,2026-09-11T15:18+05:30,97,97,357.0,Amritsar Jn,Bandra Terminus,Friday
12926,Paschim Express,2026-09-11,KUN,Karnal,2026-09-11T14:04+05:30,2026-09-11T15:43+05:30,2026-09-11T14:06+05:30,2026-09-11T15:47+05:30,99,101,390.0,Amritsar Jn,Bandra Terminus,Friday
12926,Paschim Express,2026-09-11,PNP,Panipat Jn,2026-09-11T14:28+05:30,2026-09-11T16:19+05:30,2026-09-11T14:30+05:30,2026-09-11T16:21+05:30,111,111,425.0,Amritsar Jn,Bandra Terminus,Friday
12926,Paschim Express,2026-09-11,SNP,Sonipat,2026-09-11T14:58+05:30,2026-09-11T17:06+05:30,2026-09-11T15:00+05:30,2026-09-11T17:10+05:30,128,130,470.0,Amritsar Jn,Bandra Terminus,Friday
12926,Paschim Express,2026-09-11,SZM,Subzi Mandi,2026-09-11T15:29+05:30,2026-09-11T18:19+05:30,2026-09-11T15:31+05:30,2026-09-11T19:01+05:30,170,210,510.0,Amritsar Jn,Bandra Terminus,Friday
12926,Paschim Express,2026-09-11,NDLS,New Delhi,2026-09-11T16:20+05:30,2026-09-11T19:34+05:30,2026-09-11T16:35+05:30,2026-09-11T19:50+05:30,194,195,514.0,Amritsar Jn,Bandra Terminus,Friday
12926,Paschim Express,2026-09-11,FDB,Faridabad,2026-09-11T17:02+05:30,2026-09-11T20:35+05:30,2026-09-11T17:04+05:30,2026-09-11T20:38+05:30,213,214,542.0,Amritsar Jn,Bandra Terminus,Friday
12926,Paschim Express,2026-09-11,MTJ,Mathura Jn,2026-09-11T19:10+05:30,2026-09-11T22:19+05:30,2026-09-11T19:15+05:30,2026-09-11T22:39+05:30,189,204,655.0,Amritsar Jn,Bandra Terminus,Friday
12926,Paschim Express,2026-09-11,BTE,Bharatpur Jn,2026-09-11T19:38+05:30,2026-09-11T23:01+05:30,2026-09-11T19:40+05:30,2026-09-11T23:04+05:30,203,204,688.0,Amritsar Jn,Bandra Terminus,Friday
12926,Paschim Express,2026-09-11,BXN,Bayana Jn,2026-09-11T20:13+05:30,2026-09-11T23:33+05:30,2026-09-11T20:15+05:30,2026-09-11T23:35+05:30,200,200,730.0,Amritsar Jn,Bandra Terminus,Friday
12926,Paschim Express,2026-09-11,HAN,Hindaun City,2026-09-11T20:38+05:30,2026-09-11T23:55+05:30,2026-09-11T20:40+05:30,2026-09-12T00:14+05:30,197,214,763.0,Amritsar Jn,Bandra Terminus,Friday
12926,Paschim Express,2026-09-11,GGC,Gangapur City,2026-09-11T21:10+05:30,2026-09-12T00:55+05:30,2026-09-11T21:15+05:30,2026-09-12T01:00+05:30,225,225,807.0,Amritsar Jn,Bandra Terminus,Friday
12926,Paschim Express,2026-09-11,SWM,Sawai Madhopur,2026-09-11T21:58+05:30,2026-09-12T01:49+05:30,2026-09-11T22:00+05:30,2026-09-12T01:51+05:30,231,231,871.0,Amritsar Jn,Bandra Terminus,Friday
12926,Paschim Express,2026-09-11,KOTA,Kota Jn,2026-09-11T23:30+05:30,2026-09-12T02:51+05:30,2026-09-11T23:40+05:30,2026-09-12T03:04+05:30,201,204,979.0,Amritsar Jn,Bandra Terminus,Friday
12926,Paschim Express,2026-09-11,RMA,Ramganj Mandi,2026-09-12T00:33+05:30,2026-09-12T03:54+05:30,2026-09-12T00:35+05:30,2026-09-12T03:58+05:30,201,203,1051.0,Amritsar Jn,Bandra Terminus,Friday
12926,Paschim Express,2026-09-11,SGZ,Shamgarh,2026-09-12T01:23+05:30,2026-09-12T04:39+05:30,2026-09-12T01:25+05:30,2026-09-12T04:41+05:30,196,196,1112.0,Amritsar Jn,Bandra Terminus,Friday
12926,Paschim Express,2026-09-11,NAD,Nagda Jn,2026-09-12T03:38+05:30,2026-09-12T05:35+05:30,2026-09-12T03:40+05:30,2026-09-12T05:43+05:30,117,123,1204.0,Amritsar Jn,Bandra Terminus,Friday
12926,Paschim Express,2026-09-11,KUH,Khachrod,2026-09-12T03:53+05:30,2026-09-12T05:53+05:30,2026-09-12T03:55+05:30,2026-09-12T06:00+05:30,120,125,1217.0,Amritsar Jn,Bandra Terminus,Friday
12926,Paschim Express,2026-09-11,RTM,Ratlam Jn,2026-09-12T04:25+05:30,2026-09-12T06:21+05:30,2026-09-12T04:35+05:30,2026-09-12T06:36+05:30,116,121,1245.0,Amritsar Jn,Bandra Terminus,Friday
12926,Paschim Express,2026-09-11,MGN,Meghnagar,2026-09-12T05:38+05:30,2026-09-12T07:36+05:30,2026-09-12T05:40+05:30,2026-09-12T07:38+05:30,118,118,1325.0,Amritsar Jn,Bandra Terminus,Friday
12926,Paschim Express,2026-09-11,DHD,Dahod,2026-09-12T06:04+05:30,2026-09-12T08:01+05:30,2026-09-12T06:06+05:30,2026-09-12T08:05+05:30,117,119,1358.0,Amritsar Jn,Bandra Terminus,Friday
12926,Paschim Express,2026-09-11,GDA,Godhra Jn,2026-09-12T07:15+05:30,2026-09-12T08:54+05:30,2026-09-12T07:17+05:30,2026-09-12T08:56+05:30,99,99,1433.0,Amritsar Jn,Bandra Terminus,Friday
12926,Paschim Express,2026-09-11,BRC,Vadodara Jn,2026-09-12T08:17+05:30,2026-09-12T10:07+05:30,2026-09-12T08:27+05:30,2026-09-12T10:37+05:30,110,130,1507.0,Amritsar Jn,Bandra Terminus,Friday
12926,Paschim Express,2026-09-11,BH,Bharuch Jn,2026-09-12T09:20+05:30,2026-09-12T11:22+05:30,2026-09-12T09:22+05:30,2026-09-12T11:27+05:30,122,125,1577.0,Amritsar Jn,Bandra Terminus,Friday
12926,Paschim Express,2026-09-11,ST,Surat,2026-09-12T10:29+05:30,2026-09-12T12:20+05:30,2026-09-12T10:34+05:30,2026-09-12T12:28+05:30,111,114,1636.0,Amritsar Jn,Bandra Terminus,Friday
12926,Paschim Express,2026-09-11,NVS,Navsari,2026-09-12T10:53+05:30,2026-09-12T12:47+05:30,2026-09-12T10:55+05:30,2026-09-12T12:49+05:30,114,114,1665.0,Amritsar Jn,Bandra Terminus,Friday
12926,Paschim Express,2026-09-11,BL,Valsad,2026-09-12T11:28+05:30,2026-09-12T13:19+05:30,2026-09-12T11:30+05:30,2026-09-12T13:23+05:30,111,113,1704.0,Amritsar Jn,Bandra Terminus,Friday
12926,Paschim Express,2026-09-11,VAPI,Vapi,2026-09-12T11:48+05:30,2026-09-12T13:47+05:30,2026-09-12T11:50+05:30,2026-09-12T13:52+05:30,119,122,1728.0,Amritsar Jn,Bandra Terminus,Friday
12926,Paschim Express,2026-09-11,DRD,Dahanu Road,2026-09-12T12:18+05:30,2026-09-12T14:29+05:30,2026-09-12T12:20+05:30,2026-09-12T14:32+05:30,131,132,1779.0,Amritsar Jn,Bandra Terminus,Friday
12926,Paschim Express,2026-09-11,BVI,Borivali,2026-09-12T13:38+05:30,2026-09-12T15:40+05:30,2026-09-12T13:40+05:30,2026-09-12T15:44+05:30,122,124,1868.0,Amritsar Jn,Bandra Terminus,Friday
12926,Paschim Express,2026-09-11,BDTS,Bandra Terminus,2026-09-12T14:40+05:30,2026-09-12T16:06+05:30,,,86,,1887.0,Amritsar Jn,Bandra Terminus,Friday
12926,Paschim Express,2026-09-12,ASR,Amritsar Jn,,,2026-09-12T07:20+05:30,2026-09-12T07:20+05:30,,0,0.0,Amritsar Jn,Bandra Terminus,Saturday
12926,Paschim Express,2026-09-12,BEAS,Beas,2026-09-12T07:48+05:30,2026-09-12T07:28+05:30,2026-09-12T07:50+05:30,2026-09-12T07:50+05:30,-20,0,43.0,Amritsar Jn,Bandra Terminus,Saturday
12926,Paschim Express,2026-09-12,JUC,Jalandhar City,2026-09-12T08:27+05:30,2026-09-12T08:40+05:30,2026-09-12T08:32+05:30,2026-09-12T08:45+05:30,13,13,79.0,Amritsar Jn,Bandra Terminus,Saturday
12926,Paschim Express,2026-09-12,JRC,Jalandhar Cant,2026-09-12T08:40+05:30,2026-09-12T08:50+05:30,2026-09-12T08:42+05:30,2026-09-12T08:52+05:30,10,10,84.0,Amritsar Jn,Bandra Terminus,Saturday
12926,Paschim Express,2026-09-12,PGW,Phagwara Jn,2026-09-12T08:54+05:30,2026-09-12T09:07+05:30,2026-09-12T08:56+05:30,2026-09-12T09:09+05:30,13,13,100.0,Amritsar Jn,Bandra Terminus,Saturday
12926,Paschim Express,2026-09-12,LDH,Ludhiana Jn,2026-09-12T09:30+05:30,2026-09-12T09:42+05:30,2026-09-12T09:40+05:30,2026-09-12T09:55+05:30,12,15,136.0,Amritsar Jn,Bandra Terminus,Saturday
12926,Paschim Express,2026-09-12,SASN,Sahibzada Asngr,2026-09-12T11:41+05:30,2026-09-12T11:17+05:30,2026-09-12T11:43+05:30,2026-09-12T11:45+05:30,-24,2,237.0,Amritsar Jn,Bandra Terminus,Saturday
12926,Paschim Express,2026-09-12,CDG,Chandigarh,2026-09-12T12:10+05:30,2026-09-12T11:57+05:30,2026-09-12T12:20+05:30,2026-09-12T12:20+05:30,-13,0,248.0,Amritsar Jn,Bandra Terminus,Saturday
12926,Paschim Express,2026-09-12,UMB,Ambala Cant Jn,2026-09-12T13:00+05:30,2026-09-12T13:02+05:30,2026-09-12T13:10+05:30,2026-09-12T13:12+05:30,2,2,316.0,Amritsar Jn,Bandra Terminus,Saturday
12926,Paschim Express,2026-09-12,KKDE,Kurukshetra Jn,2026-09-12T13:39+05:30,2026-09-12T13:45+05:30,2026-09-12T13:41+05:30,2026-09-12T13:47+05:30,6,6,357.0,Amritsar Jn,Bandra Terminus,Saturday
12926,Paschim Express,2026-09-12,KUN,Karnal,2026-09-12T14:04+05:30,2026-09-12T14:11+05:30,2026-09-12T14:06+05:30,2026-09-12T14:15+05:30,7,9,390.0,Amritsar Jn,Bandra Terminus,Saturday
12926,Paschim Express,2026-09-12,PNP,Panipat Jn,2026-09-12T14:28+05:30,2026-09-12T14:39+05:30,2026-09-12T14:30+05:30,2026-09-12T14:42+05:30,11,12,425.0,Amritsar Jn,Bandra Terminus,Saturday
12926,Paschim Express,2026-09-12,SNP,Sonipat,2026-09-12T14:58+05:30,2026-09-12T15:17+05:30,2026-09-12T15:00+05:30,2026-09-12T15:21+05:30,19,21,470.0,Amritsar Jn,Bandra Terminus,Saturday
12926,Paschim Express,2026-09-12,SZM,Subzi Mandi,2026-09-12T15:29+05:30,2026-09-12T16:15+05:30,2026-09-12T15:31+05:30,2026-09-12T16:20+05:30,46,49,510.0,Amritsar Jn,Bandra Terminus,Saturday
12926,Paschim Express,2026-09-12,NDLS,New Delhi,2026-09-12T16:20+05:30,2026-09-12T16:38+05:30,2026-09-12T16:35+05:30,2026-09-12T16:58+05:30,18,23,514.0,Amritsar Jn,Bandra Terminus,Saturday
12926,Paschim Express,2026-09-12,FDB,Faridabad,2026-09-12T17:02+05:30,2026-09-12T17:50+05:30,2026-09-12T17:04+05:30,2026-09-12T17:54+05:30,48,50,542.0,Amritsar Jn,Bandra Terminus,Saturday
12926,Paschim Express,2026-09-12,MTJ,Mathura Jn,2026-09-12T19:10+05:30,2026-09-12T19:07+05:30,2026-09-12T19:15+05:30,2026-09-12T19:28+05:30,-3,13,655.0,Amritsar Jn,Bandra Terminus,Saturday
12926,Paschim Express,2026-09-12,BTE,Bharatpur Jn,2026-09-12T19:38+05:30,2026-09-12T19:52+05:30,2026-09-12T19:40+05:30,2026-09-12T19:54+05:30,14,14,688.0,Amritsar Jn,Bandra Terminus,Saturday
12926,Paschim Express,2026-09-12,BXN,Bayana Jn,2026-09-12T20:13+05:30,2026-09-12T20:22+05:30,2026-09-12T20:15+05:30,2026-09-12T20:24+05:30,9,9,730.0,Amritsar Jn,Bandra Terminus,Saturday
12926,Paschim Express,2026-09-12,HAN,Hindaun City,2026-09-12T20:38+05:30,2026-09-12T20:48+05:30,2026-09-12T20:40+05:30,2026-09-12T20:52+05:30,10,12,763.0,Amritsar Jn,Bandra Terminus,Saturday
12926,Paschim Express,2026-09-12,GGC,Gangapur City,2026-09-12T21:10+05:30,2026-09-12T21:26+05:30,2026-09-12T21:15+05:30,2026-09-12T21:31+05:30,16,16,807.0,Amritsar Jn,Bandra Terminus,Saturday
12926,Paschim Express,2026-09-12,SWM,Sawai Madhopur,2026-09-12T21:58+05:30,2026-09-12T22:10+05:30,2026-09-12T22:00+05:30,2026-09-12T22:12+05:30,12,12,871.0,Amritsar Jn,Bandra Terminus,Saturday
12926,Paschim Express,2026-09-12,KOTA,Kota Jn,2026-09-12T23:30+05:30,2026-09-12T23:21+05:30,2026-09-12T23:40+05:30,2026-09-12T23:40+05:30,-9,0,979.0,Amritsar Jn,Bandra Terminus,Saturday
12926,Paschim Express,2026-09-12,RMA,Ramganj Mandi,2026-09-13T00:33+05:30,2026-09-13T00:37+05:30,2026-09-13T00:35+05:30,2026-09-13T00:39+05:30,4,4,1051.0,Amritsar Jn,Bandra Terminus,Saturday
12926,Paschim Express,2026-09-12,SGZ,Shamgarh,2026-09-13T01:23+05:30,2026-09-13T01:23+05:30,2026-09-13T01:25+05:30,2026-09-13T01:25+05:30,0,0,1112.0,Amritsar Jn,Bandra Terminus,Saturday
12926,Paschim Express,2026-09-12,NAD,Nagda Jn,2026-09-13T03:38+05:30,2026-09-13T03:20+05:30,2026-09-13T03:40+05:30,2026-09-13T03:40+05:30,-18,0,1204.0,Amritsar Jn,Bandra Terminus,Saturday
12926,Paschim Express,2026-09-12,KUH,Khachrod,2026-09-13T03:53+05:30,2026-09-13T03:53+05:30,2026-09-13T03:55+05:30,2026-09-13T03:55+05:30,0,0,1217.0,Amritsar Jn,Bandra Terminus,Saturday
12926,Paschim Express,2026-09-12,RTM,Ratlam Jn,2026-09-13T04:25+05:30,2026-09-13T04:20+05:30,2026-09-13T04:35+05:30,2026-09-13T04:39+05:30,-5,4,1245.0,Amritsar Jn,Bandra Terminus,Saturday
12926,Paschim Express,2026-09-12,MGN,Meghnagar,2026-09-13T05:38+05:30,2026-09-13T05:40+05:30,2026-09-13T05:40+05:30,2026-09-13T05:42+05:30,2,2,1325.0,Amritsar Jn,Bandra Terminus,Saturday
12926,Paschim Express,2026-09-12,DHD,Dahod,2026-09-13T06:04+05:30,2026-09-13T06:05+05:30,2026-09-13T06:06+05:30,2026-09-13T06:08+05:30,1,2,1358.0,Amritsar Jn,Bandra Terminus,Saturday
12926,Paschim Express,2026-09-12,GDA,Godhra Jn,2026-09-13T07:15+05:30,2026-09-13T07:03+05:30,2026-09-13T07:17+05:30,2026-09-13T07:17+05:30,-12,0,1433.0,Amritsar Jn,Bandra Terminus,Saturday
12926,Paschim Express,2026-09-12,BRC,Vadodara Jn,2026-09-13T08:17+05:30,2026-09-13T08:25+05:30,2026-09-13T08:27+05:30,2026-09-13T08:41+05:30,8,14,1507.0,Amritsar Jn,Bandra Terminus,Saturday
12926,Paschim Express,2026-09-12,BH,Bharuch Jn,2026-09-13T09:20+05:30,2026-09-13T09:26+05:30,2026-09-13T09:22+05:30,2026-09-13T09:28+05:30,6,6,1577.0,Amritsar Jn,Bandra Terminus,Saturday
12926,Paschim Express,2026-09-12,ST,Surat,2026-09-13T10:29+05:30,2026-09-13T10:12+05:30,2026-09-13T10:34+05:30,2026-09-13T10:34+05:30,-17,0,1636.0,Amritsar Jn,Bandra Terminus,Saturday
12926,Paschim Express,2026-09-12,NVS,Navsari,2026-09-13T10:53+05:30,2026-09-13T10:59+05:30,2026-09-13T10:55+05:30,2026-09-13T11:02+05:30,6,7,1665.0,Amritsar Jn,Bandra Terminus,Saturday
12926,Paschim Express,2026-09-12,BL,Valsad,2026-09-13T11:28+05:30,2026-09-13T11:34+05:30,2026-09-13T11:30+05:30,2026-09-13T11:38+05:30,6,8,1704.0,Amritsar Jn,Bandra Terminus,Saturday
12926,Paschim Express,2026-09-12,VAPI,Vapi,2026-09-13T11:48+05:30,2026-09-13T11:55+05:30,2026-09-13T11:50+05:30,2026-09-13T11:59+05:30,7,9,1728.0,Amritsar Jn,Bandra Terminus,Saturday
12926,Paschim Express,2026-09-12,DRD,Dahanu Road,2026-09-13T12:18+05:30,2026-09-13T12:33+05:30,2026-09-13T12:20+05:30,2026-09-13T12:35+05:30,15,15,1779.0,Amritsar Jn,Bandra Terminus,Saturday
12926,Paschim Express,2026-09-12,BVI,Borivali,2026-09-13T13:38+05:30,2026-09-13T13:48+05:30,2026-09-13T13:40+05:30,2026-09-13T13:55+05:30,10,15,1868.0,Amritsar Jn,Bandra Terminus,Saturday
12926,Paschim Express,2026-09-12,BDTS,Bandra Terminus,2026-09-13T14:40+05:30,2026-09-13T14:29+05:30,,,-11,,1887.0,Amritsar Jn,Bandra Terminus,Saturday
12926,Paschim Express,2026-09-13,ASR,Amritsar Jn,,,2026-09-13T07:20+05:30,2026-09-13T07:30+05:30,,10,0.0,Amritsar Jn,Bandra Terminus,Sunday
12926,Paschim Express,2026-09-13,BEAS,Beas,2026-09-13T07:48+05:30,2026-09-13T07:56+05:30,2026-09-13T07:50+05:30,2026-09-13T07:58+05:30,8,8,43.0,Amritsar Jn,Bandra Terminus,Sunday
12926,Paschim Express,2026-09-13,JUC,Jalandhar City,2026-09-13T08:27+05:30,2026-09-13T08:30+05:30,2026-09-13T08:32+05:30,2026-09-13T08:40+05:30,3,8,79.0,Amritsar Jn,Bandra Terminus,Sunday
12926,Paschim Express,2026-09-13,JRC,Jalandhar Cant,2026-09-13T08:40+05:30,2026-09-13T08:52+05:30,2026-09-13T08:42+05:30,2026-09-13T08:54+05:30,12,12,84.0,Amritsar Jn,Bandra Terminus,Sunday
12926,Paschim Express,2026-09-13,PGW,Phagwara Jn,2026-09-13T08:54+05:30,2026-09-13T09:07+05:30,2026-09-13T08:56+05:30,2026-09-13T09:11+05:30,13,15,100.0,Amritsar Jn,Bandra Terminus,Sunday
12926,Paschim Express,2026-09-13,LDH,Ludhiana Jn,2026-09-13T09:30+05:30,2026-09-13T09:41+05:30,2026-09-13T09:40+05:30,2026-09-13T09:52+05:30,11,12,136.0,Amritsar Jn,Bandra Terminus,Sunday
12926,Paschim Express,2026-09-13,SASN,Sahibzada Asngr,2026-09-13T11:41+05:30,2026-09-13T11:41+05:30,2026-09-13T11:43+05:30,2026-09-13T11:43+05:30,0,0,237.0,Amritsar Jn,Bandra Terminus,Sunday
12926,Paschim Express,2026-09-13,CDG,Chandigarh,2026-09-13T12:10+05:30,2026-09-13T11:58+05:30,2026-09-13T12:20+05:30,2026-09-13T12:20+05:30,-12,0,248.0,Amritsar Jn,Bandra Terminus,Sunday
12926,Paschim Express,2026-09-13,UMB,Ambala Cant Jn,2026-09-13T13:00+05:30,2026-09-13T13:07+05:30,2026-09-13T13:10+05:30,2026-09-13T13:17+05:30,7,7,316.0,Amritsar Jn,Bandra Terminus,Sunday
12926,Paschim Express,2026-09-13,KKDE,Kurukshetra Jn,2026-09-13T13:39+05:30,2026-09-13T13:47+05:30,2026-09-13T13:41+05:30,2026-09-13T13:50+05:30,8,9,357.0,Amritsar Jn,Bandra Terminus,Sunday
12926,Paschim Express,2026-09-13,KUN,Karnal,2026-09-13T14:04+05:30,2026-09-13T14:13+05:30,2026-09-13T14:06+05:30,2026-09-13T14:15+05:30,9,9,390.0,Amritsar Jn,Bandra Terminus,Sunday
12926,Paschim Express,2026-09-13,PNP,Panipat Jn,2026-09-13T14:28+05:30,2026-09-13T14:53+05:30,2026-09-13T14:30+05:30,2026-09-13T14:55+05:30,25,25,425.0,Amritsar Jn,Bandra Terminus,Sunday
12926,Paschim Express,2026-09-13,SNP,Sonipat,2026-09-13T14:58+05:30,2026-09-13T15:28+05:30,2026-09-13T15:00+05:30,2026-09-13T15:31+05:30,30,31,470.0,Amritsar Jn,Bandra Terminus,Sunday
12926,Paschim Express,2026-09-13,SZM,Subzi Mandi,2026-09-13T15:29+05:30,2026-09-13T16:00+05:30,2026-09-13T15:31+05:30,2026-09-13T16:03+05:30,31,32,510.0,Amritsar Jn,Bandra Terminus,Sunday
12926,Paschim Express,2026-09-13,NDLS,New Delhi,2026-09-13T16:20+05:30,2026-09-13T16:21+05:30,2026-09-13T16:35+05:30,2026-09-13T16:43+05:30,1,8,514.0,Amritsar Jn,Bandra Terminus,Sunday
12926,Paschim Express,2026-09-13,FDB,Faridabad,2026-09-13T17:02+05:30,2026-09-13T17:54+05:30,2026-09-13T17:04+05:30,2026-09-13T17:58+05:30,52,54,542.0,Amritsar Jn,Bandra Terminus,Sunday
12926,Paschim Express,2026-09-13,MTJ,Mathura Jn,2026-09-13T19:10+05:30,2026-09-13T19:43+05:30,2026-09-13T19:15+05:30,2026-09-13T19:50+05:30,33,35,655.0,Amritsar Jn,Bandra Terminus,Sunday
12926,Paschim Express,2026-09-13,BTE,Bharatpur Jn,2026-09-13T19:38+05:30,2026-09-13T20:22+05:30,2026-09-13T19:40+05:30,2026-09-13T20:24+05:30,44,44,688.0,Amritsar Jn,Bandra Terminus,Sunday
12926,Paschim Express,2026-09-13,BXN,Bayana Jn,2026-09-13T20:13+05:30,2026-09-13T20:55+05:30,2026-09-13T20:15+05:30,2026-09-13T20:57+05:30,42,42,730.0,Amritsar Jn,Bandra Terminus,Sunday
12926,Paschim Express,2026-09-13,HAN,Hindaun City,2026-09-13T20:38+05:30,2026-09-13T21:18+05:30,2026-09-13T20:40+05:30,2026-09-13T21:39+05:30,40,59,763.0,Amritsar Jn,Bandra Terminus,Sunday
12926,Paschim Express,2026-09-13,GGC,Gangapur City,2026-09-13T21:10+05:30,2026-09-13T22:15+05:30,2026-09-13T21:15+05:30,2026-09-13T22:20+05:30,65,65,807.0,Amritsar Jn,Bandra Terminus,Sunday
12926,Paschim Express,2026-09-13,SWM,Sawai Madhopur,2026-09-13T21:58+05:30,2026-09-13T23:05+05:30,2026-09-13T22:00+05:30,2026-09-13T23:07+05:30,67,67,871.0,Amritsar Jn,Bandra Terminus,Sunday
12926,Paschim Express,2026-09-13,KOTA,Kota Jn,2026-09-13T23:30+05:30,2026-09-14T00:08+05:30,2026-09-13T23:40+05:30,2026-09-14T00:18+05:30,38,38,979.0,Amritsar Jn,Bandra Terminus,Sunday
12926,Paschim Express,2026-09-13,RMA,Ramganj Mandi,2026-09-14T00:33+05:30,2026-09-14T01:16+05:30,2026-09-14T00:35+05:30,2026-09-14T01:18+05:30,43,43,1051.0,Amritsar Jn,Bandra Terminus,Sunday
12926,Paschim Express,2026-09-13,SGZ,Shamgarh,2026-09-14T01:23+05:30,2026-09-14T02:10+05:30,2026-09-14T01:25+05:30,2026-09-14T02:12+05:30,47,47,1112.0,Amritsar Jn,Bandra Terminus,Sunday
12926,Paschim Express,2026-09-13,NAD,Nagda Jn,2026-09-14T03:38+05:30,2026-09-14T03:25+05:30,2026-09-14T03:40+05:30,2026-09-14T03:40+05:30,-13,0,1204.0,Amritsar Jn,Bandra Terminus,Sunday
12926,Paschim Express,2026-09-13,KUH,Khachrod,2026-09-14T03:53+05:30,2026-09-14T03:56+05:30,2026-09-14T03:55+05:30,2026-09-14T03:59+05:30,3,4,1217.0,Amritsar Jn,Bandra Terminus,Sunday
12926,Paschim Express,2026-09-13,RTM,Ratlam Jn,2026-09-14T04:25+05:30,2026-09-14T04:34+05:30,2026-09-14T04:35+05:30,2026-09-14T04:44+05:30,9,9,1245.0,Amritsar Jn,Bandra Terminus,Sunday
12926,Paschim Express,2026-09-13,MGN,Meghnagar,2026-09-14T05:38+05:30,2026-09-14T05:50+05:30,2026-09-14T05:40+05:30,2026-09-14T05:53+05:30,12,13,1325.0,Amritsar Jn,Bandra Terminus,Sunday
12926,Paschim Express,2026-09-13,DHD,Dahod,2026-09-14T06:04+05:30,2026-09-14T06:18+05:30,2026-09-14T06:06+05:30,2026-09-14T06:20+05:30,14,14,1358.0,Amritsar Jn,Bandra Terminus,Sunday
12926,Paschim Express,2026-09-13,GDA,Godhra Jn,2026-09-14T07:15+05:30,2026-09-14T07:13+05:30,2026-09-14T07:17+05:30,2026-09-14T07:17+05:30,-2,0,1433.0,Amritsar Jn,Bandra Terminus,Sunday
12926,Paschim Express,2026-09-13,BRC,Vadodara Jn,2026-09-14T08:17+05:30,2026-09-14T08:23+05:30,2026-09-14T08:27+05:30,2026-09-14T08:34+05:30,6,7,1507.0,Amritsar Jn,Bandra Terminus,Sunday
12926,Paschim Express,2026-09-13,BH,Bharuch Jn,2026-09-14T09:20+05:30,2026-09-14T09:29+05:30,2026-09-14T09:22+05:30,2026-09-14T09:33+05:30,9,11,1577.0,Amritsar Jn,Bandra Terminus,Sunday
12926,Paschim Express,2026-09-13,ST,Surat,2026-09-14T10:29+05:30,2026-09-14T10:28+05:30,2026-09-14T10:34+05:30,2026-09-14T10:39+05:30,-1,5,1636.0,Amritsar Jn,Bandra Terminus,Sunday
12926,Paschim Express,2026-09-13,NVS,Navsari,2026-09-14T10:53+05:30,2026-09-14T10:57+05:30,2026-09-14T10:55+05:30,2026-09-14T11:00+05:30,4,5,1665.0,Amritsar Jn,Bandra Terminus,Sunday
12926,Paschim Express,2026-09-13,BL,Valsad,2026-09-14T11:28+05:30,2026-09-14T11:36+05:30,2026-09-14T11:30+05:30,2026-09-14T11:38+05:30,8,8,1704.0,Amritsar Jn,Bandra Terminus,Sunday
12926,Paschim Express,2026-09-13,VAPI,Vapi,2026-09-14T11:48+05:30,2026-09-14T11:59+05:30,2026-09-14T11:50+05:30,2026-09-14T12:03+05:30,11,13,1728.0,Amritsar Jn,Bandra Terminus,Sunday
12926,Paschim Express,2026-09-13,DRD,Dahanu Road,2026-09-14T12:18+05:30,2026-09-14T12:36+05:30,2026-09-14T12:20+05:30,2026-09-14T12:38+05:30,18,18,1779.0,Amritsar Jn,Bandra Terminus,Sunday
12926,Paschim Express,2026-09-13,BVI,Borivali,2026-09-14T13:38+05:30,2026-09-14T14:00+05:30,2026-09-14T13:40+05:30,2026-09-14T14:06+05:30,22,26,1868.0,Amritsar Jn,Bandra Terminus,Sunday
12926,Paschim Express,2026-09-13,BDTS,Bandra Terminus,2026-09-14T14:40+05:30,2026-09-14T14:32+05:30,,,-8,,1887.0,Amritsar Jn,Bandra Terminus,Sunday
12926,Paschim Express,2026-09-14,ASR,Amritsar Jn,,,2026-09-14T07:20+05:30,2026-09-14T07:33+05:30,,13,0.0,Amritsar Jn,Bandra Terminus,Monday
12926,Paschim Express,2026-09-14,BEAS,Beas,2026-09-14T07:48+05:30,2026-09-14T08:01+05:30,2026-09-14T07:50+05:30,2026-09-14T08:03+05:30,13,13,43.0,Amritsar Jn,Bandra Terminus,Monday
12926,Paschim Express,2026-09-14,JUC,Jalandhar City,2026-09-14T08:27+05:30,2026-09-14T08:29+05:30,2026-09-14T08:32+05:30,2026-09-14T08:34+05:30,2,2,79.0,Amritsar Jn,Bandra Terminus,Monday
12926,Paschim Express,2026-09-14,JRC,Jalandhar Cant,2026-09-14T08:40+05:30,2026-09-14T08:47+05:30,2026-09-14T08:42+05:30,2026-09-14T08:49+05:30,7,7,84.0,Amritsar Jn,Bandra Terminus,Monday
12926,Paschim Express,2026-09-14,PGW,Phagwara Jn,2026-09-14T08:54+05:30,2026-09-14T08:59+05:30,2026-09-14T08:56+05:30,2026-09-14T09:02+05:30,5,6,100.0,Amritsar Jn,Bandra Terminus,Monday
12926,Paschim Express,2026-09-14,LDH,Ludhiana Jn,2026-09-14T09:30+05:30,2026-09-14T09:30+05:30,2026-09-14T09:40+05:30,2026-09-14T09:42+05:30,0,2,136.0,Amritsar Jn,Bandra Terminus,Monday
12926,Paschim Express,2026-09-14,SASN,Sahibzada Asngr,2026-09-14T11:41+05:30,2026-09-14T11:16+05:30,2026-09-14T11:43+05:30,2026-09-14T11:45+05:30,-25,2,237.0,Amritsar Jn,Bandra Terminus,Monday
12926,Paschim Express,2026-09-14,CDG,Chandigarh,2026-09-14T12:10+05:30,2026-09-14T11:58+05:30,2026-09-14T12:20+05:30,2026-09-14T12:20+05:30,-12,0,248.0,Amritsar Jn,Bandra Terminus,Monday
12926,Paschim Express,2026-09-14,UMB,Ambala Cant Jn,2026-09-14T13:00+05:30,2026-09-14T13:03+05:30,2026-09-14T13:10+05:30,2026-09-14T13:13+05:30,3,3,316.0,Amritsar Jn,Bandra Terminus,Monday
12926,Paschim Express,2026-09-14,KKDE,Kurukshetra Jn,2026-09-14T13:39+05:30,2026-09-14T13:42+05:30,2026-09-14T13:41+05:30,2026-09-14T13:44+05:30,3,3,357.0,Amritsar Jn,Bandra Terminus,Monday
12926,Paschim Express,2026-09-14,KUN,Karnal,2026-09-14T14:04+05:30,2026-09-14T14:10+05:30,2026-09-14T14:06+05:30,2026-09-14T14:13+05:30,6,7,390.0,Amritsar Jn,Bandra Terminus,Monday
12926,Paschim Express,2026-09-14,PNP,Panipat Jn,2026-09-14T14:28+05:30,2026-09-14T14:39+05:30,2026-09-14T14:30+05:30,2026-09-14T14:41+05:30,11,11,425.0,Amritsar Jn,Bandra Terminus,Monday
12926,Paschim Express,2026-09-14,SNP,Sonipat,2026-09-14T14:58+05:30,2026-09-14T15:13+05:30,2026-09-14T15:00+05:30,2026-09-14T15:17+05:30,15,17,470.0,Amritsar Jn,Bandra Terminus,Monday
12926,Paschim Express,2026-09-14,SZM,Subzi Mandi,2026-09-14T15:29+05:30,2026-09-14T15:45+05:30,2026-09-14T15:31+05:30,2026-09-14T15:50+05:30,16,19,510.0,Amritsar Jn,Bandra Terminus,Monday
12926,Paschim Express,2026-09-14,NDLS,New Delhi,2026-09-14T16:20+05:30,2026-09-14T16:15+05:30,2026-09-14T16:35+05:30,2026-09-14T16:39+05:30,-5,4,514.0,Amritsar Jn,Bandra Terminus,Monday
12926,Paschim Express,2026-09-14,FDB,Faridabad,2026-09-14T17:02+05:30,2026-09-14T17:56+05:30,2026-09-14T17:04+05:30,2026-09-14T17:58+05:30,54,54,542.0,Amritsar Jn,Bandra Terminus,Monday
12926,Paschim Express,2026-09-14,MTJ,Mathura Jn,2026-09-14T19:10+05:30,2026-09-14T19:16+05:30,2026-09-14T19:15+05:30,2026-09-14T19:29+05:30,6,14,655.0,Amritsar Jn,Bandra Terminus,Monday
12926,Paschim Express,2026-09-14,BTE,Bharatpur Jn,2026-09-14T19:38+05:30,2026-09-14T19:54+05:30,2026-09-14T19:40+05:30,2026-09-14T19:57+05:30,16,17,688.0,Amritsar Jn,Bandra Terminus,Monday
12926,Paschim Express,2026-09-14,BXN,Bayana Jn,2026-09-14T20:13+05:30,2026-09-14T20:28+05:30,2026-09-14T20:15+05:30,2026-09-14T20:32+05:30,15,17,730.0,Amritsar Jn,Bandra Terminus,Monday
12926,Paschim Express,2026-09-14,HAN,Hindaun City,2026-09-14T20:38+05:30,2026-09-14T20:52+05:30,2026-09-14T20:40+05:30,2026-09-14T20:54+05:30,14,14,763.0,Amritsar Jn,Bandra Terminus,Monday
12926,Paschim Express,2026-09-14,GGC,Gangapur City,2026-09-14T21:10+05:30,2026-09-14T21:28+05:30,2026-09-14T21:15+05:30,2026-09-14T21:35+05:30,18,20,807.0,Amritsar Jn,Bandra Terminus,Monday
12926,Paschim Express,2026-09-14,SWM,Sawai Madhopur,2026-09-14T21:58+05:30,2026-09-14T22:14+05:30,2026-09-14T22:00+05:30,2026-09-14T22:24+05:30,16,24,871.0,Amritsar Jn,Bandra Terminus,Monday
12926,Paschim Express,2026-09-14,KOTA,Kota Jn,2026-09-14T23:30+05:30,2026-09-14T23:30+05:30,2026-09-14T23:40+05:30,2026-09-14T23:40+05:30,0,0,979.0,Amritsar Jn,Bandra Terminus,Monday
12926,Paschim Express,2026-09-14,RMA,Ramganj Mandi,2026-09-15T00:33+05:30,2026-09-15T00:36+05:30,2026-09-15T00:35+05:30,2026-09-15T00:39+05:30,3,4,1051.0,Amritsar Jn,Bandra Terminus,Monday
12926,Paschim Express,2026-09-14,SGZ,Shamgarh,2026-09-15T01:23+05:30,2026-09-15T01:21+05:30,2026-09-15T01:25+05:30,2026-09-15T01:41+05:30,-2,16,1112.0,Amritsar Jn,Bandra Terminus,Monday
12926,Paschim Express,2026-09-14,NAD,Nagda Jn,2026-09-15T03:38+05:30,2026-09-15T03:26+05:30,2026-09-15T03:40+05:30,2026-09-15T03:42+05:30,-12,2,1204.0,Amritsar Jn,Bandra Terminus,Monday
12926,Paschim Express,2026-09-14,KUH,Khachrod,2026-09-15T03:53+05:30,2026-09-15T03:55+05:30,2026-09-15T03:55+05:30,2026-09-15T03:57+05:30,2,2,1217.0,Amritsar Jn,Bandra Terminus,Monday
12926,Paschim Express,2026-09-14,RTM,Ratlam Jn,2026-09-15T04:25+05:30,2026-09-15T04:20+05:30,2026-09-15T04:35+05:30,2026-09-15T04:41+05:30,-5,6,1245.0,Amritsar Jn,Bandra Terminus,Monday
12926,Paschim Express,2026-09-14,MGN,Meghnagar,2026-09-15T05:38+05:30,2026-09-15T05:44+05:30,2026-09-15T05:40+05:30,2026-09-15T05:48+05:30,6,8,1325.0,Amritsar Jn,Bandra Terminus,Monday
12926,Paschim Express,2026-09-14,DHD,Dahod,2026-09-15T06:04+05:30,2026-09-15T06:10+05:30,2026-09-15T06:06+05:30,2026-09-15T06:12+05:30,6,6,1358.0,Amritsar Jn,Bandra Terminus,Monday
12926,Paschim Express,2026-09-14,GDA,Godhra Jn,2026-09-15T07:15+05:30,2026-09-15T07:08+05:30,2026-09-15T07:17+05:30,2026-09-15T07:17+05:30,-7,0,1433.0,Amritsar Jn,Bandra Terminus,Monday
12926,Paschim Express,2026-09-14,BRC,Vadodara Jn,2026-09-15T08:17+05:30,2026-09-15T08:15+05:30,2026-09-15T08:27+05:30,2026-09-15T08:27+05:30,-2,0,1507.0,Amritsar Jn,Bandra Terminus,Monday
12926,Paschim Express,2026-09-14,BH,Bharuch Jn,2026-09-15T09:20+05:30,2026-09-15T09:32+05:30,2026-09-15T09:22+05:30,2026-09-15T09:34+05:30,12,12,1577.0,Amritsar Jn,Bandra Terminus,Monday
12926,Paschim Express,2026-09-14,ST,Surat,2026-09-15T10:29+05:30,2026-09-15T10:34+05:30,2026-09-15T10:34+05:30,2026-09-15T10:49+05:30,5,15,1636.0,Amritsar Jn,Bandra Terminus,Monday
12926,Paschim Express,2026-09-14,NVS,Navsari,2026-09-15T10:53+05:30,2026-09-15T11:08+05:30,2026-09-15T10:55+05:30,2026-09-15T11:11+05:30,15,16,1665.0,Amritsar Jn,Bandra Terminus,Monday
12926,Paschim Express,2026-09-14,BL,Valsad,2026-09-15T11:28+05:30,2026-09-15T11:42+05:30,2026-09-15T11:30+05:30,2026-09-15T11:44+05:30,14,14,1704.0,Amritsar Jn,Bandra Terminus,Monday
12926,Paschim Express,2026-09-14,VAPI,Vapi,2026-09-15T11:48+05:30,2026-09-15T12:14+05:30,2026-09-15T11:50+05:30,2026-09-15T12:16+05:30,26,26,1728.0,Amritsar Jn,Bandra Terminus,Monday
12926,Paschim Express,2026-09-14,DRD,Dahanu Road,2026-09-15T12:18+05:30,2026-09-15T12:53+05:30,2026-09-15T12:20+05:30,2026-09-15T12:55+05:30,35,35,1779.0,Amritsar Jn,Bandra Terminus,Monday
12926,Paschim Express,2026-09-14,BVI,Borivali,2026-09-15T13:38+05:30,2026-09-15T14:13+05:30,2026-09-15T13:40+05:30,2026-09-15T14:17+05:30,35,37,1868.0,Amritsar Jn,Bandra Terminus,Monday
12926,Paschim Express,2026-09-14,BDTS,Bandra Terminus,2026-09-15T14:40+05:30,2026-09-15T14:38+05:30,,,-2,,1887.0,Amritsar Jn,Bandra Terminus,Monday
12926,Paschim Express,2026-09-15,ASR,Amritsar Jn,,,2026-09-15T07:20+05:30,2026-09-15T07:30+05:30,,10,0.0,Amritsar Jn,Bandra Terminus,Tuesday
12926,Paschim Express,2026-09-15,BEAS,Beas,2026-09-15T07:48+05:30,2026-09-15T07:54+05:30,2026-09-15T07:50+05:30,2026-09-15T08:01+05:30,6,11,43.0,Amritsar Jn,Bandra Terminus,Tuesday
12926,Paschim Express,2026-09-15,JUC,Jalandhar City,2026-09-15T08:27+05:30,2026-09-15T08:30+05:30,2026-09-15T08:32+05:30,2026-09-15T08:35+05:30,3,3,79.0,Amritsar Jn,Bandra Terminus,Tuesday
12926,Paschim Express,2026-09-15,JRC,Jalandhar Cant,2026-09-15T08:40+05:30,2026-09-15T08:45+05:30,2026-09-15T08:42+05:30,2026-09-15T08:47+05:30,5,5,84.0,Amritsar Jn,Bandra Terminus,Tuesday
12926,Paschim Express,2026-09-15,PGW,Phagwara Jn,2026-09-15T08:54+05:30,2026-09-15T09:00+05:30,2026-09-15T08:56+05:30,2026-09-15T09:02+05:30,6,6,100.0,Amritsar Jn,Bandra Terminus,Tuesday
12926,Paschim Express,2026-09-15,LDH,Ludhiana Jn,2026-09-15T09:30+05:30,2026-09-15T09:30+05:30,2026-09-15T09:40+05:30,2026-09-15T09:43+05:30,0,3,136.0,Amritsar Jn,Bandra Terminus,Tuesday
12926,Paschim Express,2026-09-15,SASN,Sahibzada Asngr,2026-09-15T11:41+05:30,2026-09-15T11:04+05:30,2026-09-15T11:43+05:30,2026-09-15T11:43+05:30,-37,0,237.0,Amritsar Jn,Bandra Terminus,Tuesday
12926,Paschim Express,2026-09-15,CDG,Chandigarh,2026-09-15T12:10+05:30,2026-09-15T11:57+05:30,2026-09-15T12:20+05:30,2026-09-15T12:20+05:30,-13,0,248.0,Amritsar Jn,Bandra Terminus,Tuesday
12926,Paschim Express,2026-09-15,UMB,Ambala Cant Jn,2026-09-15T13:00+05:30,2026-09-15T13:01+05:30,2026-09-15T13:10+05:30,2026-09-15T13:11+05:30,1,1,316.0,Amritsar Jn,Bandra Terminus,Tuesday
12926,Paschim Express,2026-09-15,KKDE,Kurukshetra Jn,2026-09-15T13:39+05:30,2026-09-15T13:44+05:30,2026-09-15T13:41+05:30,2026-09-15T13:48+05:30,5,7,357.0,Amritsar Jn,Bandra Terminus,Tuesday
12926,Paschim Express,2026-09-15,KUN,Karnal,2026-09-15T14:04+05:30,2026-09-15T14:08+05:30,2026-09-15T14:06+05:30,2026-09-15T14:11+05:30,4,5,390.0,Amritsar Jn,Bandra Terminus,Tuesday
12926,Paschim Express,2026-09-15,PNP,Panipat Jn,2026-09-15T14:28+05:30,2026-09-15T14:37+05:30,2026-09-15T14:30+05:30,2026-09-15T14:39+05:30,9,9,425.0,Amritsar Jn,Bandra Terminus,Tuesday
12926,Paschim Express,2026-09-15,SNP,Sonipat,2026-09-15T14:58+05:30,2026-09-15T15:08+05:30,2026-09-15T15:00+05:30,2026-09-15T15:12+05:30,10,12,470.0,Amritsar Jn,Bandra Terminus,Tuesday
12926,Paschim Express,2026-09-15,SZM,Subzi Mandi,2026-09-15T15:29+05:30,2026-09-15T15:43+05:30,2026-09-15T15:31+05:30,2026-09-15T15:50+05:30,14,19,510.0,Amritsar Jn,Bandra Terminus,Tuesday
12926,Paschim Express,2026-09-15,NDLS,New Delhi,2026-09-15T16:20+05:30,2026-09-15T16:11+05:30,2026-09-15T16:35+05:30,2026-09-15T16:37+05:30,-9,2,514.0,Amritsar Jn,Bandra Terminus,Tuesday
12926,Paschim Express,2026-09-15,FDB,Faridabad,2026-09-15T17:02+05:30,2026-09-15T17:10+05:30,2026-09-15T17:04+05:30,2026-09-15T17:12+05:30,8,8,542.0,Amritsar Jn,Bandra Terminus,Tuesday
12926,Paschim Express,2026-09-15,MTJ,Mathura Jn,2026-09-15T19:10+05:30,2026-09-15T19:04+05:30,2026-09-15T19:15+05:30,2026-09-15T19:17+05:30,-6,2,655.0,Amritsar Jn,Bandra Terminus,Tuesday
12926,Paschim Express,2026-09-15,BTE,Bharatpur Jn,2026-09-15T19:38+05:30,2026-09-15T19:43+05:30,2026-09-15T19:40+05:30,2026-09-15T19:46+05:30,5,6,688.0,Amritsar Jn,Bandra Terminus,Tuesday
12926,Paschim Express,2026-09-15,BXN,Bayana Jn,2026-09-15T20:13+05:30,2026-09-15T20:17+05:30,2026-09-15T20:15+05:30,2026-09-15T20:19+05:30,4,4,730.0,Amritsar Jn,Bandra Terminus,Tuesday
12926,Paschim Express,2026-09-15,HAN,Hindaun City,2026-09-15T20:38+05:30,2026-09-15T20:38+05:30,2026-09-15T20:40+05:30,2026-09-15T20:44+05:30,0,4,763.0,Amritsar Jn,Bandra Terminus,Tuesday
12926,Paschim Express,2026-09-15,GGC,Gangapur City,2026-09-15T21:10+05:30,2026-09-15T21:24+05:30,2026-09-15T21:15+05:30,2026-09-15T21:29+05:30,14,14,807.0,Amritsar Jn,Bandra Terminus,Tuesday
12926,Paschim Express,2026-09-15,SWM,Sawai Madhopur,2026-09-15T21:58+05:30,2026-09-15T22:07+05:30,2026-09-15T22:00+05:30,2026-09-15T22:09+05:30,9,9,871.0,Amritsar Jn,Bandra Terminus,Tuesday
12926,Paschim Express,2026-09-15,KOTA,Kota Jn,2026-09-15T23:30+05:30,2026-09-15T23:26+05:30,2026-09-15T23:40+05:30,2026-09-16T00:09+05:30,-4,29,979.0,Amritsar Jn,Bandra Terminus,Tuesday
12926,Paschim Express,2026-09-15,RMA,Ramganj Mandi,2026-09-16T00:33+05:30,2026-09-16T00:58+05:30,2026-09-16T00:35+05:30,2026-09-16T01:02+05:30,25,27,1051.0,Amritsar Jn,Bandra Terminus,Tuesday
12926,Paschim Express,2026-09-15,SGZ,Shamgarh,2026-09-16T01:23+05:30,2026-09-16T01:47+05:30,2026-09-16T01:25+05:30,2026-09-16T01:51+05:30,24,26,1112.0,Amritsar Jn,Bandra Terminus,Tuesday
12926,Paschim Express,2026-09-15,NAD,Nagda Jn,2026-09-16T03:38+05:30,2026-09-16T03:27+05:30,2026-09-16T03:40+05:30,2026-09-16T03:40+05:30,-11,0,1204.0,Amritsar Jn,Bandra Terminus,Tuesday
12926,Paschim Express,2026-09-15,KUH,Khachrod,2026-09-16T03:53+05:30,2026-09-16T03:51+05:30,2026-09-16T03:55+05:30,2026-09-16T03:55+05:30,-2,0,1217.0,Amritsar Jn,Bandra Terminus,Tuesday
12926,Paschim Express,2026-09-15,RTM,Ratlam Jn,2026-09-16T04:25+05:30,2026-09-16T04:25+05:30,2026-09-16T04:35+05:30,2026-09-16T04:35+05:30,0,0,1245.0,Amritsar Jn,Bandra Terminus,Tuesday
12926,Paschim Express,2026-09-15,MGN,Meghnagar,2026-09-16T05:38+05:30,2026-09-16T05:42+05:30,2026-09-16T05:40+05:30,2026-09-16T05:47+05:30,4,7,1325.0,Amritsar Jn,Bandra Terminus,Tuesday
12926,Paschim Express,2026-09-15,DHD,Dahod,2026-09-16T06:04+05:30,2026-09-16T06:07+05:30,2026-09-16T06:06+05:30,2026-09-16T06:11+05:30,3,5,1358.0,Amritsar Jn,Bandra Terminus,Tuesday
12926,Paschim Express,2026-09-15,GDA,Godhra Jn,2026-09-16T07:15+05:30,2026-09-16T07:07+05:30,2026-09-16T07:17+05:30,2026-09-16T07:18+05:30,-8,1,1433.0,Amritsar Jn,Bandra Terminus,Tuesday
12926,Paschim Express,2026-09-15,BRC,Vadodara Jn,2026-09-16T08:17+05:30,2026-09-16T08:18+05:30,2026-09-16T08:27+05:30,2026-09-16T08:47+05:30,1,20,1507.0,Amritsar Jn,Bandra Terminus,Tuesday
12926,Paschim Express,2026-09-15,BH,Bharuch Jn,2026-09-16T09:20+05:30,2026-09-16T09:36+05:30,2026-09-16T09:22+05:30,2026-09-16T09:38+05:30,16,16,1577.0,Amritsar Jn,Bandra Terminus,Tuesday
12926,Paschim Express,2026-09-15,ST,Surat,2026-09-16T10:29+05:30,2026-09-16T10:27+05:30,2026-09-16T10:34+05:30,2026-09-16T10:34+05:30,-2,0,1636.0,Amritsar Jn,Bandra Terminus,Tuesday
12926,Paschim Express,2026-09-15,NVS,Navsari,2026-09-16T10:53+05:30,2026-09-16T10:52+05:30,2026-09-16T10:55+05:30,2026-09-16T10:55+05:30,-1,0,1665.0,Amritsar Jn,Bandra Terminus,Tuesday
12926,Paschim Express,2026-09-15,BL,Valsad,2026-09-16T11:28+05:30,2026-09-16T11:25+05:30,2026-09-16T11:30+05:30,2026-09-16T11:30+05:30,-3,0,1704.0,Amritsar Jn,Bandra Terminus,Tuesday
12926,Paschim Express,2026-09-15,VAPI,Vapi,2026-09-16T11:48+05:30,2026-09-16T11:47+05:30,2026-09-16T11:50+05:30,2026-09-16T11:51+05:30,-1,1,1728.0,Amritsar Jn,Bandra Terminus,Tuesday
12926,Paschim Express,2026-09-15,DRD,Dahanu Road,2026-09-16T12:18+05:30,2026-09-16T12:28+05:30,2026-09-16T12:20+05:30,2026-09-16T12:31+05:30,10,11,1779.0,Amritsar Jn,Bandra Terminus,Tuesday
12926,Paschim Express,2026-09-15,BVI,Borivali,2026-09-16T13:38+05:30,2026-09-16T13:52+05:30,2026-09-16T13:40+05:30,2026-09-16T13:57+05:30,14,17,1868.0,Amritsar Jn,Bandra Terminus,Tuesday
12926,Paschim Express,2026-09-15,BDTS,Bandra Terminus,2026-09-16T14:40+05:30,2026-09-16T14:30+05:30,,,-10,,1887.0,Amritsar Jn,Bandra Terminus,Tuesday
12926,Paschim Express,2026-09-16,ASR,Amritsar Jn,,,2026-09-16T07:20+05:30,2026-09-16T07:28+05:30,,8,0.0,Amritsar Jn,Bandra Terminus,Wednesday
12926,Paschim Express,2026-09-16,BEAS,Beas,2026-09-16T07:48+05:30,2026-09-16T07:54+05:30,2026-09-16T07:50+05:30,2026-09-16T07:56+05:30,6,6,43.0,Amritsar Jn,Bandra Terminus,Wednesday
12926,Paschim Express,2026-09-16,JUC,Jalandhar City,2026-09-16T08:27+05:30,2026-09-16T08:33+05:30,2026-09-16T08:32+05:30,2026-09-16T08:38+05:30,6,6,79.0,Amritsar Jn,Bandra Terminus,Wednesday
12926,Paschim Express,2026-09-16,JRC,Jalandhar Cant,2026-09-16T08:40+05:30,2026-09-16T08:46+05:30,2026-09-16T08:42+05:30,2026-09-16T08:48+05:30,6,6,84.0,Amritsar Jn,Bandra Terminus,Wednesday
12926,Paschim Express,2026-09-16,PGW,Phagwara Jn,2026-09-16T08:54+05:30,2026-09-16T08:58+05:30,2026-09-16T08:56+05:30,2026-09-16T09:00+05:30,4,4,100.0,Amritsar Jn,Bandra Terminus,Wednesday
12926,Paschim Express,2026-09-16,LDH,Ludhiana Jn,2026-09-16T09:30+05:30,2026-09-16T09:29+05:30,2026-09-16T09:40+05:30,2026-09-16T09:46+05:30,-1,6,136.0,Amritsar Jn,Bandra Terminus,Wednesday
12926,Paschim Express,2026-09-16,SASN,Sahibzada Asngr,2026-09-16T11:41+05:30,2026-09-16T11:24+05:30,2026-09-16T11:43+05:30,2026-09-16T11:43+05:30,-17,0,237.0,Amritsar Jn,Bandra Terminus,Wednesday
12926,Paschim Express,2026-09-16,CDG,Chandigarh,2026-09-16T12:10+05:30,2026-09-16T11:56+05:30,2026-09-16T12:20+05:30,2026-09-16T12:20+05:30,-14,0,248.0,Amritsar Jn,Bandra Terminus,Wednesday
12926,Paschim Express,2026-09-16,UMB,Ambala Cant Jn,2026-09-16T13:00+05:30,2026-09-16T13:04+05:30,2026-09-16T13:10+05:30,2026-09-16T13:14+05:30,4,4,316.0,Amritsar Jn,Bandra Terminus,Wednesday
12926,Paschim Express,2026-09-16,KKDE,Kurukshetra Jn,2026-09-16T13:39+05:30,2026-09-16T13:50+05:30,2026-09-16T13:41+05:30,2026-09-16T13:53+05:30,11,12,357.0,Amritsar Jn,Bandra Terminus,Wednesday
12926,Paschim Express,2026-09-16,KUN,Karnal,2026-09-16T14:04+05:30,2026-09-16T14:15+05:30,2026-09-16T14:06+05:30,2026-09-16T14:18+05:30,11,12,390.0,Amritsar Jn,Bandra Terminus,Wednesday
12926,Paschim Express,2026-09-16,PNP,Panipat Jn,2026-09-16T14:28+05:30,2026-09-16T14:46+05:30,2026-09-16T14:30+05:30,2026-09-16T14:48+05:30,18,18,425.0,Amritsar Jn,Bandra Terminus,Wednesday
12926,Paschim Express,2026-09-16,SNP,Sonipat,2026-09-16T14:58+05:30,2026-09-16T15:15+05:30,2026-09-16T15:00+05:30,2026-09-16T15:17+05:30,17,17,470.0,Amritsar Jn,Bandra Terminus,Wednesday
12926,Paschim Express,2026-09-16,SZM,Subzi Mandi,2026-09-16T15:29+05:30,2026-09-16T15:47+05:30,2026-09-16T15:31+05:30,2026-09-16T15:50+05:30,18,19,510.0,Amritsar Jn,Bandra Terminus,Wednesday
12926,Paschim Express,2026-09-16,NDLS,New Delhi,2026-09-16T16:20+05:30,2026-09-16T16:11+05:30,2026-09-16T16:35+05:30,2026-09-16T16:35+05:30,-9,0,514.0,Amritsar Jn,Bandra Terminus,Wednesday
12926,Paschim Express,2026-09-16,FDB,Faridabad,2026-09-16T17:02+05:30,2026-09-16T17:13+05:30,2026-09-16T17:04+05:30,2026-09-16T17:48+05:30,11,44,542.0,Amritsar Jn,Bandra Terminus,Wednesday
12926,Paschim Express,2026-09-16,MTJ,Mathura Jn,2026-09-16T19:10+05:30,2026-09-16T19:09+05:30,2026-09-16T19:15+05:30,2026-09-16T19:17+05:30,-1,2,655.0,Amritsar Jn,Bandra Terminus,Wednesday
12926,Paschim Express,2026-09-16,BTE,Bharatpur Jn,2026-09-16T19:38+05:30,2026-09-16T19:42+05:30,2026-09-16T19:40+05:30,2026-09-16T19:46+05:30,4,6,688.0,Amritsar Jn,Bandra Terminus,Wednesday
12926,Paschim Express,2026-09-16,BXN,Bayana Jn,2026-09-16T20:13+05:30,2026-09-16T20:22+05:30,2026-09-16T20:15+05:30,2026-09-16T20:24+05:30,9,9,730.0,Amritsar Jn,Bandra Terminus,Wednesday
12926,Paschim Express,2026-09-16,HAN,Hindaun City,2026-09-16T20:38+05:30,2026-09-16T20:43+05:30,2026-09-16T20:40+05:30,2026-09-16T20:48+05:30,5,8,763.0,Amritsar Jn,Bandra Terminus,Wednesday
12926,Paschim Express,2026-09-16,GGC,Gangapur City,2026-09-16T21:10+05:30,2026-09-16T21:23+05:30,2026-09-16T21:15+05:30,2026-09-16T21:29+05:30,13,14,807.0,Amritsar Jn,Bandra Terminus,Wednesday
12926,Paschim Express,2026-09-16,SWM,Sawai Madhopur,2026-09-16T21:58+05:30,2026-09-16T22:11+05:30,2026-09-16T22:00+05:30,2026-09-16T22:17+05:30,13,17,871.0,Amritsar Jn,Bandra Terminus,Wednesday
12926,Paschim Express,2026-09-16,KOTA,Kota Jn,2026-09-16T23:30+05:30,2026-09-16T23:26+05:30,2026-09-16T23:40+05:30,2026-09-16T23:40+05:30,-4,0,979.0,Amritsar Jn,Bandra Terminus,Wednesday
12926,Paschim Express,2026-09-16,RMA,Ramganj Mandi,2026-09-17T00:33+05:30,2026-09-17T01:21+05:30,2026-09-17T00:35+05:30,2026-09-17T01:23+05:30,48,48,1051.0,Amritsar Jn,Bandra Terminus,Wednesday
12926,Paschim Express,2026-09-16,SGZ,Shamgarh,2026-09-17T01:23+05:30,2026-09-17T02:06+05:30,2026-09-17T01:25+05:30,2026-09-17T02:09+05:30,43,44,1112.0,Amritsar Jn,Bandra Terminus,Wednesday
12926,Paschim Express,2026-09-16,NAD,Nagda Jn,2026-09-17T03:38+05:30,2026-09-17T03:27+05:30,2026-09-17T03:40+05:30,2026-09-17T03:46+05:30,-11,6,1204.0,Amritsar Jn,Bandra Terminus,Wednesday
12926,Paschim Express,2026-09-16,KUH,Khachrod,2026-09-17T03:53+05:30,2026-09-17T04:00+05:30,2026-09-17T03:55+05:30,2026-09-17T04:02+05:30,7,7,1217.0,Amritsar Jn,Bandra Terminus,Wednesday
12926,Paschim Express,2026-09-16,RTM,Ratlam Jn,2026-09-17T04:25+05:30,2026-09-17T04:22+05:30,2026-09-17T04:35+05:30,2026-09-17T04:37+05:30,-3,2,1245.0,Amritsar Jn,Bandra Terminus,Wednesday
12926,Paschim Express,2026-09-16,MGN,Meghnagar,2026-09-17T05:38+05:30,2026-09-17T05:38+05:30,2026-09-17T05:40+05:30,2026-09-17T05:41+05:30,0,1,1325.0,Amritsar Jn,Bandra Terminus,Wednesday
12926,Paschim Express,2026-09-16,DHD,Dahod,2026-09-17T06:04+05:30,2026-09-17T06:02+05:30,2026-09-17T06:06+05:30,2026-09-17T06:06+05:30,-2,0,1358.0,Amritsar Jn,Bandra Terminus,Wednesday
12926,Paschim Express,2026-09-16,GDA,Godhra Jn,2026-09-17T07:15+05:30,2026-09-17T06:59+05:30,2026-09-17T07:17+05:30,2026-09-17T07:17+05:30,-16,0,1433.0,Amritsar Jn,Bandra Terminus,Wednesday
12926,Paschim Express,2026-09-16,BRC,Vadodara Jn,2026-09-17T08:17+05:30,2026-09-17T08:09+05:30,2026-09-17T08:27+05:30,2026-09-17T08:29+05:30,-8,2,1507.0,Amritsar Jn,Bandra Terminus,Wednesday
12926,Paschim Express,2026-09-16,BH,Bharuch Jn,2026-09-17T09:20+05:30,2026-09-17T09:29+05:30,2026-09-17T09:22+05:30,2026-09-17T09:31+05:30,9,9,1577.0,Amritsar Jn,Bandra Terminus,Wednesday
12926,Paschim Express,2026-09-16,ST,Surat,2026-09-17T10:29+05:30,2026-09-17T10:26+05:30,2026-09-17T10:34+05:30,2026-09-17T10:35+05:30,-3,1,1636.0,Amritsar Jn,Bandra Terminus,Wednesday
12926,Paschim Express,2026-09-16,NVS,Navsari,2026-09-17T10:53+05:30,2026-09-17T10:53+05:30,2026-09-17T10:55+05:30,2026-09-17T10:56+05:30,0,1,1665.0,Amritsar Jn,Bandra Terminus,Wednesday
12926,Paschim Express,2026-09-16,BL,Valsad,2026-09-17T11:28+05:30,2026-09-17T11:28+05:30,2026-09-17T11:30+05:30,2026-09-17T11:32+05:30,0,2,1704.0,Amritsar Jn,Bandra Terminus,Wednesday
12926,Paschim Express,2026-09-16,VAPI,Vapi,2026-09-17T11:48+05:30,2026-09-17T11:48+05:30,2026-09-17T11:50+05:30,2026-09-17T11:52+05:30,0,2,1728.0,Amritsar Jn,Bandra Terminus,Wednesday
12926,Paschim Express,2026-09-16,DRD,Dahanu Road,2026-09-17T12:18+05:30,2026-09-17T12:25+05:30,2026-09-17T12:20+05:30,2026-09-17T12:28+05:30,7,8,1779.0,Amritsar Jn,Bandra Terminus,Wednesday
12926,Paschim Express,2026-09-16,BVI,Borivali,2026-09-17T13:38+05:30,2026-09-17T13:40+05:30,2026-09-17T13:40+05:30,2026-09-17T13:45+05:30,2,5,1868.0,Amritsar Jn,Bandra Terminus,Wednesday
12926,Paschim Express,2026-09-16,BDTS,Bandra Terminus,2026-09-17T14:40+05:30,2026-09-17T14:18+05:30,,,-22,,1887.0,Amritsar Jn,Bandra Terminus,Wednesday
14681,Dli Juc Express,2026-09-11,DLI,Old Delhi,,,2026-09-11T14:35+05:30,2026-09-11T19:13+05:30,,278,0.0,Old Delhi,Jalandhar City,Friday
14681,Dli Juc Express,2026-09-11,GZB,Ghaziabad,2026-09-11T15:13+05:30,2026-09-11T19:37+05:30,2026-09-11T15:15+05:30,2026-09-11T19:39+05:30,264,264,20.0,Old Delhi,Jalandhar City,Friday
14681,Dli Juc Express,2026-09-11,MDNR,Modinagar,2026-09-11T15:39+05:30,2026-09-11T21:21+05:30,2026-09-11T15:41+05:30,2026-09-11T21:24+05:30,342,343,48.0,Old Delhi,Jalandhar City,Friday
14681,Dli Juc Express,2026-09-11,MTC,Meerut City,2026-09-11T15:58+05:30,2026-09-11T21:50+05:30,2026-09-11T16:00+05:30,2026-09-11T21:53+05:30,352,353,68.0,Old Delhi,Jalandhar City,Friday
14681,Dli Juc Express,2026-09-11,MUT,Meerut Cant,2026-09-11T16:06+05:30,2026-09-11T22:04+05:30,2026-09-11T16:08+05:30,2026-09-11T22:06+05:30,358,358,72.0,Old Delhi,Jalandhar City,Friday
14681,Dli Juc Express,2026-09-11,SKF,Sakhoti Tanda,2026-09-11T16:24+05:30,2026-09-11T22:23+05:30,2026-09-11T16:26+05:30,2026-09-11T22:25+05:30,359,359,92.0,Old Delhi,Jalandhar City,Friday
14681,Dli Juc Express,2026-09-11,MOZ,Muzaffarnagar,2026-09-11T16:48+05:30,2026-09-11T22:58+05:30,2026-09-11T16:50+05:30,2026-09-11T23:00+05:30,370,370,123.0,Old Delhi,Jalandhar City,Friday
14681,Dli Juc Express,2026-09-11,DBD,Deoband,2026-09-11T17:08+05:30,2026-09-11T23:18+05:30,2026-09-11T17:10+05:30,2026-09-11T23:22+05:30,370,372,147.0,Old Delhi,Jalandhar City,Friday
14681,Dli Juc Express,2026-09-11,SRE,Saharanpur,2026-09-11T18:25+05:30,2026-09-11T23:56+05:30,2026-09-11T18:35+05:30,2026-09-12T00:06+05:30,331,331,181.0,Old Delhi,Jalandhar City,Friday
14681,Dli Juc Express,2026-09-11,YJUD,Yamunanagar Jud,2026-09-11T19:01+05:30,2026-09-12T00:48+05:30,2026-09-11T19:03+05:30,2026-09-12T00:50+05:30,347,347,211.0,Old Delhi,Jalandhar City,Friday
14681,Dli Juc Express,2026-09-11,JUDW,Jagadhri Wshop,2026-09-11T19:09+05:30,2026-09-12T00:57+05:30,2026-09-11T19:11+05:30,2026-09-12T00:59+05:30,348,348,216.0,Old Delhi,Jalandhar City,Friday
14681,Dli Juc Express,2026-09-11,MFB,Mustafabad,2026-09-11T19:22+05:30,2026-09-12T01:11+05:30,2026-09-11T19:24+05:30,2026-09-12T01:14+05:30,349,350,229.0,Old Delhi,Jalandhar City,Friday
14681,Dli Juc Express,2026-09-11,RAA,Barara,2026-09-11T19:32+05:30,2026-09-12T01:23+05:30,2026-09-11T19:34+05:30,2026-09-12T01:25+05:30,351,351,238.0,Old Delhi,Jalandhar City,Friday
14681,Dli Juc Express,2026-09-11,UMB,Ambala Cant Jn,2026-09-11T20:18+05:30,2026-09-12T01:54+05:30,2026-09-11T20:23+05:30,2026-09-12T01:59+05:30,336,336,262.0,Old Delhi,Jalandhar City,Friday
14681,Dli Juc Express,2026-09-11,UBC,Ambala City,2026-09-11T20:33+05:30,2026-09-12T02:08+05:30,2026-09-11T20:35+05:30,2026-09-12T02:11+05:30,335,336,270.0,Old Delhi,Jalandhar City,Friday
14681,Dli Juc Express,2026-09-11,RPJ,Rajpura Jn,2026-09-11T20:50+05:30,2026-09-12T02:29+05:30,2026-09-11T20:52+05:30,2026-09-12T02:31+05:30,339,339,290.0,Old Delhi,Jalandhar City,Friday
14681,Dli Juc Express,2026-09-11,SIR,Sirhind Jn,2026-09-11T21:09+05:30,2026-09-12T02:54+05:30,2026-09-11T21:11+05:30,2026-09-12T02:59+05:30,345,348,316.0,Old Delhi,Jalandhar City,Friday
14681,Dli Juc Express,2026-09-11,KNN,Khanna,2026-09-11T21:23+05:30,2026-09-12T03:21+05:30,2026-09-11T21:25+05:30,2026-09-12T03:23+05:30,358,358,334.0,Old Delhi,Jalandhar City,Friday
14681,Dli Juc Express,2026-09-11,LDH,Ludhiana Jn,2026-09-11T22:14+05:30,2026-09-12T03:53+05:30,2026-09-11T22:20+05:30,2026-09-12T04:00+05:30,339,340,376.0,Old Delhi,Jalandhar City,Friday
14681,Dli Juc Express,2026-09-11,PHR,Phillaur Jn,2026-09-11T22:34+05:30,2026-09-12T04:18+05:30,2026-09-11T22:36+05:30,2026-09-12T04:20+05:30,344,344,389.0,Old Delhi,Jalandhar City,Friday
14681,Dli Juc Express,2026-09-11,PGW,Phagwara Jn,2026-09-11T22:54+05:30,2026-09-12T04:53+05:30,2026-09-11T22:56+05:30,2026-09-12T04:55+05:30,359,359,412.0,Old Delhi,Jalandhar City,Friday
14681,Dli Juc Express,2026-09-11,JUC,Jalandhar City,2026-09-11T23:40+05:30,2026-09-12T05:22+05:30,,,342,,433.0,Old Delhi,Jalandhar City,Friday
14681,Dli Juc Express,2026-09-12,DLI,Old Delhi,,,2026-09-12T14:35+05:30,2026-09-12T14:56+05:30,,21,0.0,Old Delhi,Jalandhar City,Saturday
14681,Dli Juc Express,2026-09-12,GZB,Ghaziabad,2026-09-12T15:13+05:30,2026-09-12T16:17+05:30,2026-09-12T15:15+05:30,2026-09-12T16:19+05:30,64,64,20.0,Old Delhi,Jalandhar City,Saturday
14681,Dli Juc Express,2026-09-12,MDNR,Modinagar,2026-09-12T15:39+05:30,2026-09-12T16:57+05:30,2026-09-12T15:41+05:30,2026-09-12T16:59+05:30,78,78,48.0,Old Delhi,Jalandhar City,Saturday
14681,Dli Juc Express,2026-09-12,MTC,Meerut City,2026-09-12T15:58+05:30,2026-09-12T17:17+05:30,2026-09-12T16:00+05:30,2026-09-12T17:20+05:30,79,80,68.0,Old Delhi,Jalandhar City,Saturday
14681,Dli Juc Express,2026-09-12,MUT,Meerut Cant,2026-09-12T16:06+05:30,2026-09-12T17:29+05:30,2026-09-12T16:08+05:30,2026-09-12T17:31+05:30,83,83,72.0,Old Delhi,Jalandhar City,Saturday
14681,Dli Juc Express,2026-09-12,SKF,Sakhoti Tanda,2026-09-12T16:24+05:30,2026-09-12T17:50+05:30,2026-09-12T16:26+05:30,2026-09-12T17:52+05:30,86,86,92.0,Old Delhi,Jalandhar City,Saturday
14681,Dli Juc Express,2026-09-12,MOZ,Muzaffarnagar,2026-09-12T16:48+05:30,2026-09-12T18:20+05:30,2026-09-12T16:50+05:30,2026-09-12T18:23+05:30,92,93,123.0,Old Delhi,Jalandhar City,Saturday
14681,Dli Juc Express,2026-09-12,DBD,Deoband,2026-09-12T17:08+05:30,2026-09-12T18:41+05:30,2026-09-12T17:10+05:30,2026-09-12T18:44+05:30,93,94,147.0,Old Delhi,Jalandhar City,Saturday
14681,Dli Juc Express,2026-09-12,SRE,Saharanpur,2026-09-12T18:25+05:30,2026-09-12T19:12+05:30,2026-09-12T18:35+05:30,2026-09-12T19:22+05:30,47,47,181.0,Old Delhi,Jalandhar City,Saturday
14681,Dli Juc Express,2026-09-12,YJUD,Yamunanagar Jud,2026-09-12T19:01+05:30,2026-09-12T19:50+05:30,2026-09-12T19:03+05:30,2026-09-12T19:52+05:30,49,49,211.0,Old Delhi,Jalandhar City,Saturday
14681,Dli Juc Express,2026-09-12,JUDW,Jagadhri Wshop,2026-09-12T19:09+05:30,2026-09-12T20:00+05:30,2026-09-12T19:11+05:30,2026-09-12T20:02+05:30,51,51,216.0,Old Delhi,Jalandhar City,Saturday
14681,Dli Juc Express,2026-09-12,MFB,Mustafabad,2026-09-12T19:22+05:30,2026-09-12T20:15+05:30,2026-09-12T19:24+05:30,2026-09-12T20:17+05:30,53,53,229.0,Old Delhi,Jalandhar City,Saturday
14681,Dli Juc Express,2026-09-12,RAA,Barara,2026-09-12T19:32+05:30,2026-09-12T20:27+05:30,2026-09-12T19:34+05:30,2026-09-12T20:29+05:30,55,55,238.0,Old Delhi,Jalandhar City,Saturday
14681,Dli Juc Express,2026-09-12,UMB,Ambala Cant Jn,2026-09-12T20:18+05:30,2026-09-12T21:14+05:30,2026-09-12T20:23+05:30,2026-09-12T21:32+05:30,56,69,262.0,Old Delhi,Jalandhar City,Saturday
14681,Dli Juc Express,2026-09-12,UBC,Ambala City,2026-09-12T20:33+05:30,2026-09-12T21:44+05:30,2026-09-12T20:35+05:30,2026-09-12T21:46+05:30,71,71,270.0,Old Delhi,Jalandhar City,Saturday
14681,Dli Juc Express,2026-09-12,RPJ,Rajpura Jn,2026-09-12T20:50+05:30,2026-09-12T22:04+05:30,2026-09-12T20:52+05:30,2026-09-12T22:06+05:30,74,74,290.0,Old Delhi,Jalandhar City,Saturday
14681,Dli Juc Express,2026-09-12,SIR,Sirhind Jn,2026-09-12T21:09+05:30,2026-09-12T22:20+05:30,2026-09-12T21:11+05:30,2026-09-12T22:25+05:30,71,74,316.0,Old Delhi,Jalandhar City,Saturday
14681,Dli Juc Express,2026-09-12,KNN,Khanna,2026-09-12T21:23+05:30,2026-09-12T22:40+05:30,2026-09-12T21:25+05:30,2026-09-12T22:42+05:30,77,77,334.0,Old Delhi,Jalandhar City,Saturday
14681,Dli Juc Express,2026-09-12,LDH,Ludhiana Jn,2026-09-12T22:14+05:30,2026-09-13T00:03+05:30,2026-09-12T22:20+05:30,2026-09-13T00:14+05:30,109,114,376.0,Old Delhi,Jalandhar City,Saturday
14681,Dli Juc Express,2026-09-12,PHR,Phillaur Jn,2026-09-12T22:34+05:30,2026-09-13T00:40+05:30,2026-09-12T22:36+05:30,2026-09-13T00:42+05:30,126,126,389.0,Old Delhi,Jalandhar City,Saturday
14681,Dli Juc Express,2026-09-12,PGW,Phagwara Jn,2026-09-12T22:54+05:30,2026-09-13T01:16+05:30,2026-09-12T22:56+05:30,2026-09-13T01:18+05:30,142,142,412.0,Old Delhi,Jalandhar City,Saturday
14681,Dli Juc Express,2026-09-12,JUC,Jalandhar City,2026-09-12T23:40+05:30,2026-09-13T01:39+05:30,,,119,,433.0,Old Delhi,Jalandhar City,Saturday
14681,Dli Juc Express,2026-09-13,DLI,Old Delhi,,,2026-09-13T14:35+05:30,2026-09-13T15:09+05:30,,34,0.0,Old Delhi,Jalandhar City,Sunday
14681,Dli Juc Express,2026-09-13,GZB,Ghaziabad,2026-09-13T15:13+05:30,2026-09-13T15:47+05:30,2026-09-13T15:15+05:30,2026-09-13T16:01+05:30,34,46,20.0,Old Delhi,Jalandhar City,Sunday
14681,Dli Juc Express,2026-09-13,MDNR,Modinagar,2026-09-13T15:39+05:30,2026-09-13T16:45+05:30,2026-09-13T15:41+05:30,2026-09-13T16:48+05:30,66,67,48.0,Old Delhi,Jalandhar City,Sunday
14681,Dli Juc Express,2026-09-13,MTC,Meerut City,2026-09-13T15:58+05:30,2026-09-13T17:26+05:30,2026-09-13T16:00+05:30,2026-09-13T17:28+05:30,88,88,68.0,Old Delhi,Jalandhar City,Sunday
14681,Dli Juc Express,2026-09-13,MUT,Meerut Cant,2026-09-13T16:06+05:30,2026-09-13T17:32+05:30,2026-09-13T16:08+05:30,2026-09-13T17:34+05:30,86,86,72.0,Old Delhi,Jalandhar City,Sunday
14681,Dli Juc Express,2026-09-13,SKF,Sakhoti Tanda,2026-09-13T16:24+05:30,2026-09-13T17:42+05:30,2026-09-13T16:26+05:30,2026-09-13T17:44+05:30,78,78,92.0,Old Delhi,Jalandhar City,Sunday
14681,Dli Juc Express,2026-09-13,MOZ,Muzaffarnagar,2026-09-13T16:48+05:30,2026-09-13T18:06+05:30,2026-09-13T16:50+05:30,2026-09-13T18:33+05:30,78,103,123.0,Old Delhi,Jalandhar City,Sunday
14681,Dli Juc Express,2026-09-13,DBD,Deoband,2026-09-13T17:08+05:30,2026-09-13T18:54+05:30,2026-09-13T17:10+05:30,2026-09-13T18:56+05:30,106,106,147.0,Old Delhi,Jalandhar City,Sunday
14681,Dli Juc Express,2026-09-13,SRE,Saharanpur,2026-09-13T18:25+05:30,2026-09-13T19:53+05:30,2026-09-13T18:35+05:30,2026-09-13T20:07+05:30,88,92,181.0,Old Delhi,Jalandhar City,Sunday
14681,Dli Juc Express,2026-09-13,YJUD,Yamunanagar Jud,2026-09-13T19:01+05:30,2026-09-13T20:41+05:30,2026-09-13T19:03+05:30,2026-09-13T20:43+05:30,100,100,211.0,Old Delhi,Jalandhar City,Sunday
14681,Dli Juc Express,2026-09-13,JUDW,Jagadhri Wshop,2026-09-13T19:09+05:30,2026-09-13T20:49+05:30,2026-09-13T19:11+05:30,2026-09-13T20:51+05:30,100,100,216.0,Old Delhi,Jalandhar City,Sunday
14681,Dli Juc Express,2026-09-13,MFB,Mustafabad,2026-09-13T19:22+05:30,2026-09-13T21:03+05:30,2026-09-13T19:24+05:30,2026-09-13T21:05+05:30,101,101,229.0,Old Delhi,Jalandhar City,Sunday
14681,Dli Juc Express,2026-09-13,RAA,Barara,2026-09-13T19:32+05:30,2026-09-13T21:13+05:30,2026-09-13T19:34+05:30,2026-09-13T21:16+05:30,101,102,238.0,Old Delhi,Jalandhar City,Sunday
14681,Dli Juc Express,2026-09-13,UMB,Ambala Cant Jn,2026-09-13T20:18+05:30,2026-09-13T21:38+05:30,2026-09-13T20:23+05:30,2026-09-13T22:02+05:30,80,99,262.0,Old Delhi,Jalandhar City,Sunday
14681,Dli Juc Express,2026-09-13,UBC,Ambala City,2026-09-13T20:33+05:30,2026-09-13T22:17+05:30,2026-09-13T20:35+05:30,2026-09-13T22:19+05:30,104,104,270.0,Old Delhi,Jalandhar City,Sunday
14681,Dli Juc Express,2026-09-13,RPJ,Rajpura Jn,2026-09-13T20:50+05:30,2026-09-13T22:37+05:30,2026-09-13T20:52+05:30,2026-09-13T22:39+05:30,107,107,290.0,Old Delhi,Jalandhar City,Sunday
14681,Dli Juc Express,2026-09-13,SIR,Sirhind Jn,2026-09-13T21:09+05:30,2026-09-13T22:59+05:30,2026-09-13T21:11+05:30,2026-09-13T23:01+05:30,110,110,316.0,Old Delhi,Jalandhar City,Sunday
14681,Dli Juc Express,2026-09-13,KNN,Khanna,2026-09-13T21:23+05:30,2026-09-13T23:17+05:30,2026-09-13T21:25+05:30,2026-09-13T23:19+05:30,114,114,334.0,Old Delhi,Jalandhar City,Sunday
14681,Dli Juc Express,2026-09-13,LDH,Ludhiana Jn,2026-09-13T22:14+05:30,2026-09-14T00:20+05:30,2026-09-13T22:20+05:30,2026-09-14T00:29+05:30,126,129,376.0,Old Delhi,Jalandhar City,Sunday
14681,Dli Juc Express,2026-09-13,PHR,Phillaur Jn,2026-09-13T22:34+05:30,2026-09-14T00:52+05:30,2026-09-13T22:36+05:30,2026-09-14T00:59+05:30,138,143,389.0,Old Delhi,Jalandhar City,Sunday
14681,Dli Juc Express,2026-09-13,PGW,Phagwara Jn,2026-09-13T22:54+05:30,2026-09-14T01:19+05:30,2026-09-13T22:56+05:30,2026-09-14T01:23+05:30,145,147,412.0,Old Delhi,Jalandhar City,Sunday
14681,Dli Juc Express,2026-09-13,JUC,Jalandhar City,2026-09-13T23:40+05:30,2026-09-14T01:46+05:30,,,126,,433.0,Old Delhi,Jalandhar City,Sunday
14681,Dli Juc Express,2026-09-14,DLI,Old Delhi,,,2026-09-14T14:35+05:30,2026-09-14T14:42+05:30,,7,0.0,Old Delhi,Jalandhar City,Monday
14681,Dli Juc Express,2026-09-14,GZB,Ghaziabad,2026-09-14T15:13+05:30,2026-09-14T15:19+05:30,2026-09-14T15:15+05:30,2026-09-14T15:26+05:30,6,11,20.0,Old Delhi,Jalandhar City,Monday
14681,Dli Juc Express,2026-09-14,MDNR,Modinagar,2026-09-14T15:39+05:30,2026-09-14T16:02+05:30,2026-09-14T15:41+05:30,2026-09-14T16:04+05:30,23,23,48.0,Old Delhi,Jalandhar City,Monday
14681,Dli Juc Express,2026-09-14,MTC,Meerut City,2026-09-14T15:58+05:30,2026-09-14T16:31+05:30,2026-09-14T16:00+05:30,2026-09-14T16:33+05:30,33,33,68.0,Old Delhi,Jalandhar City,Monday
14681,Dli Juc Express,2026-09-14,MUT,Meerut Cant,2026-09-14T16:06+05:30,2026-09-14T16:43+05:30,2026-09-14T16:08+05:30,2026-09-14T16:45+05:30,37,37,72.0,Old Delhi,Jalandhar City,Monday
14681,Dli Juc Express,2026-09-14,SKF,Sakhoti Tanda,2026-09-14T16:24+05:30,2026-09-14T17:00+05:30,2026-09-14T16:26+05:30,2026-09-14T17:02+05:30,36,36,92.0,Old Delhi,Jalandhar City,Monday
14681,Dli Juc Express,2026-09-14,MOZ,Muzaffarnagar,2026-09-14T16:48+05:30,2026-09-14T17:30+05:30,2026-09-14T16:50+05:30,2026-09-14T17:32+05:30,42,42,123.0,Old Delhi,Jalandhar City,Monday
14681,Dli Juc Express,2026-09-14,DBD,Deoband,2026-09-14T17:08+05:30,2026-09-14T17:51+05:30,2026-09-14T17:10+05:30,2026-09-14T17:53+05:30,43,43,147.0,Old Delhi,Jalandhar City,Monday
14681,Dli Juc Express,2026-09-14,SRE,Saharanpur,2026-09-14T18:25+05:30,2026-09-14T18:19+05:30,2026-09-14T18:35+05:30,2026-09-14T18:35+05:30,-6,0,181.0,Old Delhi,Jalandhar City,Monday
14681,Dli Juc Express,2026-09-14,YJUD,Yamunanagar Jud,2026-09-14T19:01+05:30,2026-09-14T19:06+05:30,2026-09-14T19:03+05:30,2026-09-14T19:08+05:30,5,5,211.0,Old Delhi,Jalandhar City,Monday
14681,Dli Juc Express,2026-09-14,JUDW,Jagadhri Wshop,2026-09-14T19:09+05:30,2026-09-14T19:15+05:30,2026-09-14T19:11+05:30,2026-09-14T19:17+05:30,6,6,216.0,Old Delhi,Jalandhar City,Monday
14681,Dli Juc Express,2026-09-14,MFB,Mustafabad,2026-09-14T19:22+05:30,2026-09-14T19:28+05:30,2026-09-14T19:24+05:30,2026-09-14T19:30+05:30,6,6,229.0,Old Delhi,Jalandhar City,Monday
14681,Dli Juc Express,2026-09-14,RAA,Barara,2026-09-14T19:32+05:30,2026-09-14T19:40+05:30,2026-09-14T19:34+05:30,2026-09-14T19:42+05:30,8,8,238.0,Old Delhi,Jalandhar City,Monday
14681,Dli Juc Express,2026-09-14,UMB,Ambala Cant Jn,2026-09-14T20:18+05:30,2026-09-14T20:31+05:30,2026-09-14T20:23+05:30,2026-09-14T20:36+05:30,13,13,262.0,Old Delhi,Jalandhar City,Monday
14681,Dli Juc Express,2026-09-14,UBC,Ambala City,2026-09-14T20:33+05:30,2026-09-14T20:49+05:30,2026-09-14T20:35+05:30,2026-09-14T20:51+05:30,16,16,270.0,Old Delhi,Jalandhar City,Monday
14681,Dli Juc Express,2026-09-14,RPJ,Rajpura Jn,2026-09-14T20:50+05:30,2026-09-14T21:09+05:30,2026-09-14T20:52+05:30,2026-09-14T21:11+05:30,19,19,290.0,Old Delhi,Jalandhar City,Monday
14681,Dli Juc Express,2026-09-14,SIR,Sirhind Jn,2026-09-14T21:09+05:30,2026-09-14T21:28+05:30,2026-09-14T21:11+05:30,2026-09-14T21:30+05:30,19,19,316.0,Old Delhi,Jalandhar City,Monday
14681,Dli Juc Express,2026-09-14,KNN,Khanna,2026-09-14T21:23+05:30,2026-09-14T21:44+05:30,2026-09-14T21:25+05:30,2026-09-14T21:46+05:30,21,21,334.0,Old Delhi,Jalandhar City,Monday
14681,Dli Juc Express,2026-09-14,LDH,Ludhiana Jn,2026-09-14T22:14+05:30,2026-09-14T22:31+05:30,2026-09-14T22:20+05:30,2026-09-14T22:37+05:30,17,17,376.0,Old Delhi,Jalandhar City,Monday
14681,Dli Juc Express,2026-09-14,PHR,Phillaur Jn,2026-09-14T22:34+05:30,2026-09-14T22:45+05:30,2026-09-14T22:36+05:30,2026-09-14T22:47+05:30,11,11,389.0,Old Delhi,Jalandhar City,Monday
14681,Dli Juc Express,2026-09-14,PGW,Phagwara Jn,2026-09-14T22:54+05:30,2026-09-14T22:58+05:30,2026-09-14T22:56+05:30,2026-09-14T23:00+05:30,4,4,412.0,Old Delhi,Jalandhar City,Monday
14681,Dli Juc Express,2026-09-14,JUC,Jalandhar City,2026-09-14T23:40+05:30,2026-09-14T23:38+05:30,,,-2,,433.0,Old Delhi,Jalandhar City,Monday
14681,Dli Juc Express,2026-09-15,DLI,Old Delhi,,,2026-09-15T14:35+05:30,2026-09-15T16:31+05:30,,116,0.0,Old Delhi,Jalandhar City,Tuesday
14681,Dli Juc Express,2026-09-15,GZB,Ghaziabad,2026-09-15T15:13+05:30,2026-09-15T17:21+05:30,2026-09-15T15:15+05:30,2026-09-15T17:23+05:30,128,128,20.0,Old Delhi,Jalandhar City,Tuesday
14681,Dli Juc Express,2026-09-15,MDNR,Modinagar,2026-09-15T15:39+05:30,2026-09-15T17:59+05:30,2026-09-15T15:41+05:30,2026-09-15T18:01+05:30,140,140,48.0,Old Delhi,Jalandhar City,Tuesday
14681,Dli Juc Express,2026-09-15,MTC,Meerut City,2026-09-15T15:58+05:30,2026-09-15T18:20+05:30,2026-09-15T16:00+05:30,2026-09-15T18:22+05:30,142,142,68.0,Old Delhi,Jalandhar City,Tuesday
14681,Dli Juc Express,2026-09-15,MUT,Meerut Cant,2026-09-15T16:06+05:30,2026-09-15T18:33+05:30,2026-09-15T16:08+05:30,2026-09-15T18:35+05:30,147,147,72.0,Old Delhi,Jalandhar City,Tuesday
14681,Dli Juc Express,2026-09-15,SKF,Sakhoti Tanda,2026-09-15T16:24+05:30,2026-09-15T18:52+05:30,2026-09-15T16:26+05:30,2026-09-15T18:54+05:30,148,148,92.0,Old Delhi,Jalandhar City,Tuesday
14681,Dli Juc Express,2026-09-15,MOZ,Muzaffarnagar,2026-09-15T16:48+05:30,2026-09-15T19:20+05:30,2026-09-15T16:50+05:30,2026-09-15T19:23+05:30,152,153,123.0,Old Delhi,Jalandhar City,Tuesday
14681,Dli Juc Express,2026-09-15,DBD,Deoband,2026-09-15T17:08+05:30,2026-09-15T20:04+05:30,2026-09-15T17:10+05:30,2026-09-15T20:06+05:30,176,176,147.0,Old Delhi,Jalandhar City,Tuesday
14681,Dli Juc Express,2026-09-15,SRE,Saharanpur,2026-09-15T18:25+05:30,2026-09-15T20:45+05:30,2026-09-15T18:35+05:30,2026-09-15T20:56+05:30,140,141,181.0,Old Delhi,Jalandhar City,Tuesday
14681,Dli Juc Express,2026-09-15,YJUD,Yamunanagar Jud,2026-09-15T19:01+05:30,2026-09-15T21:22+05:30,2026-09-15T19:03+05:30,2026-09-15T21:24+05:30,141,141,211.0,Old Delhi,Jalandhar City,Tuesday
14681,Dli Juc Express,2026-09-15,JUDW,Jagadhri Wshop,2026-09-15T19:09+05:30,2026-09-15T21:30+05:30,2026-09-15T19:11+05:30,2026-09-15T21:32+05:30,141,141,216.0,Old Delhi,Jalandhar City,Tuesday
14681,Dli Juc Express,2026-09-15,MFB,Mustafabad,2026-09-15T19:22+05:30,2026-09-15T21:48+05:30,2026-09-15T19:24+05:30,2026-09-15T21:50+05:30,146,146,229.0,Old Delhi,Jalandhar City,Tuesday
14681,Dli Juc Express,2026-09-15,RAA,Barara,2026-09-15T19:32+05:30,2026-09-15T21:51+05:30,2026-09-15T19:34+05:30,2026-09-15T21:53+05:30,139,139,238.0,Old Delhi,Jalandhar City,Tuesday
14681,Dli Juc Express,2026-09-15,UMB,Ambala Cant Jn,2026-09-15T20:18+05:30,2026-09-15T22:21+05:30,2026-09-15T20:23+05:30,2026-09-15T22:26+05:30,123,123,262.0,Old Delhi,Jalandhar City,Tuesday
14681,Dli Juc Express,2026-09-15,UBC,Ambala City,2026-09-15T20:33+05:30,2026-09-15T22:45+05:30,2026-09-15T20:35+05:30,2026-09-15T22:47+05:30,132,132,270.0,Old Delhi,Jalandhar City,Tuesday
14681,Dli Juc Express,2026-09-15,RPJ,Rajpura Jn,2026-09-15T20:50+05:30,2026-09-15T23:07+05:30,2026-09-15T20:52+05:30,2026-09-15T23:09+05:30,137,137,290.0,Old Delhi,Jalandhar City,Tuesday
14681,Dli Juc Express,2026-09-15,SIR,Sirhind Jn,2026-09-15T21:09+05:30,2026-09-15T23:33+05:30,2026-09-15T21:11+05:30,2026-09-15T23:40+05:30,144,149,316.0,Old Delhi,Jalandhar City,Tuesday
14681,Dli Juc Express,2026-09-15,KNN,Khanna,2026-09-15T21:23+05:30,2026-09-15T23:57+05:30,2026-09-15T21:25+05:30,2026-09-15T23:59+05:30,154,154,334.0,Old Delhi,Jalandhar City,Tuesday
14681,Dli Juc Express,2026-09-15,LDH,Ludhiana Jn,2026-09-15T22:14+05:30,2026-09-16T00:40+05:30,2026-09-15T22:20+05:30,2026-09-16T00:50+05:30,146,150,376.0,Old Delhi,Jalandhar City,Tuesday
14681,Dli Juc Express,2026-09-15,PHR,Phillaur Jn,2026-09-15T22:34+05:30,2026-09-16T01:17+05:30,2026-09-15T22:36+05:30,2026-09-16T01:19+05:30,163,163,389.0,Old Delhi,Jalandhar City,Tuesday
14681,Dli Juc Express,2026-09-15,PGW,Phagwara Jn,2026-09-15T22:54+05:30,2026-09-16T01:35+05:30,2026-09-15T22:56+05:30,2026-09-16T01:37+05:30,161,161,412.0,Old Delhi,Jalandhar City,Tuesday
14681,Dli Juc Express,2026-09-15,JUC,Jalandhar City,2026-09-15T23:40+05:30,2026-09-16T02:02+05:30,,,142,,433.0,Old Delhi,Jalandhar City,Tuesday
14681,Dli Juc Express,2026-09-16,DLI,Old Delhi,,,2026-09-16T14:35+05:30,2026-09-16T14:35+05:30,,0,0.0,Old Delhi,Jalandhar City,Wednesday
14681,Dli Juc Express,2026-09-16,GZB,Ghaziabad,2026-09-16T15:13+05:30,2026-09-16T15:16+05:30,2026-09-16T15:15+05:30,2026-09-16T15:19+05:30,3,4,20.0,Old Delhi,Jalandhar City,Wednesday
14681,Dli Juc Express,2026-09-16,MDNR,Modinagar,2026-09-16T15:39+05:30,2026-09-16T16:01+05:30,2026-09-16T15:41+05:30,2026-09-16T16:02+05:30,22,21,48.0,Old Delhi,Jalandhar City,Wednesday
14681,Dli Juc Express,2026-09-16,MTC,Meerut City,2026-09-16T15:58+05:30,2026-09-16T16:26+05:30,2026-09-16T16:00+05:30,2026-09-16T16:29+05:30,28,29,68.0,Old Delhi,Jalandhar City,Wednesday
14681,Dli Juc Express,2026-09-16,MUT,Meerut Cant,2026-09-16T16:06+05:30,2026-09-16T16:39+05:30,2026-09-16T16:08+05:30,2026-09-16T16:40+05:30,33,32,72.0,Old Delhi,Jalandhar City,Wednesday
14681,Dli Juc Express,2026-09-16,SKF,Sakhoti Tanda,2026-09-16T16:24+05:30,2026-09-16T16:57+05:30,2026-09-16T16:26+05:30,2026-09-16T16:59+05:30,33,33,92.0,Old Delhi,Jalandhar City,Wednesday
14681,Dli Juc Express,2026-09-16,MOZ,Muzaffarnagar,2026-09-16T16:48+05:30,2026-09-16T17:27+05:30,2026-09-16T16:50+05:30,2026-09-16T17:29+05:30,39,39,123.0,Old Delhi,Jalandhar City,Wednesday
14681,Dli Juc Express,2026-09-16,DBD,Deoband,2026-09-16T17:08+05:30,2026-09-16T17:48+05:30,2026-09-16T17:10+05:30,2026-09-16T17:50+05:30,40,40,147.0,Old Delhi,Jalandhar City,Wednesday
14681,Dli Juc Express,2026-09-16,SRE,Saharanpur,2026-09-16T18:25+05:30,2026-09-16T18:18+05:30,2026-09-16T18:35+05:30,2026-09-16T18:36+05:30,-7,1,181.0,Old Delhi,Jalandhar City,Wednesday
14681,Dli Juc Express,2026-09-16,YJUD,Yamunanagar Jud,2026-09-16T19:01+05:30,2026-09-16T19:02+05:30,2026-09-16T19:03+05:30,2026-09-16T19:05+05:30,1,2,211.0,Old Delhi,Jalandhar City,Wednesday
14681,Dli Juc Express,2026-09-16,JUDW,Jagadhri Wshop,2026-09-16T19:09+05:30,2026-09-16T19:13+05:30,2026-09-16T19:11+05:30,2026-09-16T19:14+05:30,4,3,216.0,Old Delhi,Jalandhar City,Wednesday
14681,Dli Juc Express,2026-09-16,MFB,Mustafabad,2026-09-16T19:22+05:30,2026-09-16T19:26+05:30,2026-09-16T19:24+05:30,2026-09-16T19:28+05:30,4,4,229.0,Old Delhi,Jalandhar City,Wednesday
14681,Dli Juc Express,2026-09-16,RAA,Barara,2026-09-16T19:32+05:30,2026-09-16T19:38+05:30,2026-09-16T19:34+05:30,2026-09-16T19:39+05:30,6,5,238.0,Old Delhi,Jalandhar City,Wednesday
14681,Dli Juc Express,2026-09-16,UMB,Ambala Cant Jn,2026-09-16T20:18+05:30,2026-09-16T20:13+05:30,2026-09-16T20:23+05:30,2026-09-16T20:23+05:30,-5,0,262.0,Old Delhi,Jalandhar City,Wednesday
14681,Dli Juc Express,2026-09-16,UBC,Ambala City,2026-09-16T20:33+05:30,2026-09-16T20:36+05:30,2026-09-16T20:35+05:30,2026-09-16T20:38+05:30,3,3,270.0,Old Delhi,Jalandhar City,Wednesday
14681,Dli Juc Express,2026-09-16,RPJ,Rajpura Jn,2026-09-16T20:50+05:30,2026-09-16T20:55+05:30,2026-09-16T20:52+05:30,2026-09-16T20:56+05:30,5,4,290.0,Old Delhi,Jalandhar City,Wednesday
14681,Dli Juc Express,2026-09-16,SIR,Sirhind Jn,2026-09-16T21:09+05:30,2026-09-16T21:16+05:30,2026-09-16T21:11+05:30,2026-09-16T21:17+05:30,7,6,316.0,Old Delhi,Jalandhar City,Wednesday
14681,Dli Juc Express,2026-09-16,KNN,Khanna,2026-09-16T21:23+05:30,2026-09-16T21:32+05:30,2026-09-16T21:25+05:30,2026-09-16T21:35+05:30,9,10,334.0,Old Delhi,Jalandhar City,Wednesday
14681,Dli Juc Express,2026-09-16,LDH,Ludhiana Jn,2026-09-16T22:14+05:30,2026-09-16T22:08+05:30,2026-09-16T22:20+05:30,2026-09-16T22:20+05:30,-6,0,376.0,Old Delhi,Jalandhar City,Wednesday
14681,Dli Juc Express,2026-09-16,PHR,Phillaur Jn,2026-09-16T22:34+05:30,2026-09-16T22:42+05:30,2026-09-16T22:36+05:30,2026-09-16T22:44+05:30,8,8,389.0,Old Delhi,Jalandhar City,Wednesday
14681,Dli Juc Express,2026-09-16,PGW,Phagwara Jn,2026-09-16T22:54+05:30,2026-09-16T23:01+05:30,2026-09-16T22:56+05:30,2026-09-16T23:02+05:30,7,6,412.0,Old Delhi,Jalandhar City,Wednesday
14681,Dli Juc Express,2026-09-16,JUC,Jalandhar City,2026-09-16T23:40+05:30,2026-09-16T23:30+05:30,,,-10,,433.0,Old Delhi,Jalandhar City,Wednesday
14681,Dli Juc Express,2026-09-17,DLI,Old Delhi,,,2026-09-17T14:35+05:30,2026-09-17T16:31+05:30,,116,0.0,Old Delhi,Jalandhar City,Thursday
14681,Dli Juc Express,2026-09-17,GZB,Ghaziabad,2026-09-17T15:13+05:30,2026-09-17T17:10+05:30,2026-09-17T15:15+05:30,2026-09-17T17:12+05:30,117,117,20.0,Old Delhi,Jalandhar City,Thursday
14681,Dli Juc Express,2026-09-17,MDNR,Modinagar,2026-09-17T15:39+05:30,2026-09-17T17:50+05:30,2026-09-17T15:41+05:30,2026-09-17T17:52+05:30,131,131,48.0,Old Delhi,Jalandhar City,Thursday
14681,Dli Juc Express,2026-09-17,MTC,Meerut City,2026-09-17T15:58+05:30,2026-09-17T18:17+05:30,2026-09-17T16:00+05:30,2026-09-17T18:19+05:30,139,139,68.0,Old Delhi,Jalandhar City,Thursday
14681,Dli Juc Express,2026-09-17,MUT,Meerut Cant,2026-09-17T16:06+05:30,2026-09-17T18:31+05:30,2026-09-17T16:08+05:30,2026-09-17T18:33+05:30,145,145,72.0,Old Delhi,Jalandhar City,Thursday
14681,Dli Juc Express,2026-09-17,SKF,Sakhoti Tanda,2026-09-17T16:24+05:30,2026-09-17T18:52+05:30,2026-09-17T16:26+05:30,2026-09-17T18:54+05:30,148,148,92.0,Old Delhi,Jalandhar City,Thursday
14681,Dli Juc Express,2026-09-17,MOZ,Muzaffarnagar,2026-09-17T16:48+05:30,2026-09-17T19:22+05:30,2026-09-17T16:50+05:30,2026-09-17T19:24+05:30,154,154,123.0,Old Delhi,Jalandhar City,Thursday
14681,Dli Juc Express,2026-09-17,DBD,Deoband,2026-09-17T17:08+05:30,2026-09-17T19:47+05:30,2026-09-17T17:10+05:30,2026-09-17T19:49+05:30,159,159,147.0,Old Delhi,Jalandhar City,Thursday
14681,Dli Juc Express,2026-09-17,SRE,Saharanpur,2026-09-17T18:25+05:30,2026-09-17T20:30+05:30,2026-09-17T18:35+05:30,2026-09-17T20:40+05:30,125,125,181.0,Old Delhi,Jalandhar City,Thursday
14681,Dli Juc Express,2026-09-17,YJUD,Yamunanagar Jud,2026-09-17T19:01+05:30,2026-09-17T21:04+05:30,2026-09-17T19:03+05:30,2026-09-17T21:06+05:30,123,123,211.0,Old Delhi,Jalandhar City,Thursday
14681,Dli Juc Express,2026-09-17,JUDW,Jagadhri Wshop,2026-09-17T19:09+05:30,2026-09-17T21:13+05:30,2026-09-17T19:11+05:30,2026-09-17T21:15+05:30,124,124,216.0,Old Delhi,Jalandhar City,Thursday
14681,Dli Juc Express,2026-09-17,MFB,Mustafabad,2026-09-17T19:22+05:30,2026-09-17T21:25+05:30,2026-09-17T19:24+05:30,2026-09-17T21:27+05:30,123,123,229.0,Old Delhi,Jalandhar City,Thursday
14681,Dli Juc Express,2026-09-17,RAA,Barara,2026-09-17T19:32+05:30,2026-09-17T21:37+05:30,2026-09-17T19:34+05:30,2026-09-17T21:40+05:30,125,126,238.0,Old Delhi,Jalandhar City,Thursday
14681,Dli Juc Express,2026-09-17,UMB,Ambala Cant Jn,2026-09-17T20:18+05:30,2026-09-17T22:03+05:30,2026-09-17T20:23+05:30,2026-09-17T22:09+05:30,105,106,262.0,Old Delhi,Jalandhar City,Thursday
14681,Dli Juc Express,2026-09-17,UBC,Ambala City,2026-09-17T20:33+05:30,2026-09-17T22:20+05:30,2026-09-17T20:35+05:30,2026-09-17T22:23+05:30,107,108,270.0,Old Delhi,Jalandhar City,Thursday
14681,Dli Juc Express,2026-09-17,RPJ,Rajpura Jn,2026-09-17T20:50+05:30,2026-09-17T22:41+05:30,2026-09-17T20:52+05:30,2026-09-17T22:43+05:30,111,111,290.0,Old Delhi,Jalandhar City,Thursday
14681,Dli Juc Express,2026-09-17,SIR,Sirhind Jn,2026-09-17T21:09+05:30,2026-09-17T23:02+05:30,2026-09-17T21:11+05:30,2026-09-17T23:05+05:30,113,114,316.0,Old Delhi,Jalandhar City,Thursday
14681,Dli Juc Express,2026-09-17,KNN,Khanna,2026-09-17T21:23+05:30,2026-09-17T23:20+05:30,2026-09-17T21:25+05:30,2026-09-17T23:22+05:30,117,117,334.0,Old Delhi,Jalandhar City,Thursday
14681,Dli Juc Express,2026-09-17,LDH,Ludhiana Jn,2026-09-17T22:14+05:30,2026-09-17T23:53+05:30,2026-09-17T22:20+05:30,2026-09-18T00:06+05:30,99,106,376.0,Old Delhi,Jalandhar City,Thursday
14681,Dli Juc Express,2026-09-17,PHR,Phillaur Jn,2026-09-17T22:34+05:30,2026-09-18T00:25+05:30,2026-09-17T22:36+05:30,2026-09-18T00:27+05:30,111,111,389.0,Old Delhi,Jalandhar City,Thursday
14681,Dli Juc Express,2026-09-17,PGW,Phagwara Jn,2026-09-17T22:54+05:30,2026-09-18T00:43+05:30,2026-09-17T22:56+05:30,2026-09-18T00:45+05:30,109,109,412.0,Old Delhi,Jalandhar City,Thursday
14681,Dli Juc Express,2026-09-17,JUC,Jalandhar City,2026-09-17T23:40+05:30,2026-09-18T01:23+05:30,,,103,,433.0,Old Delhi,Jalandhar City,Thursday
